/streams/JxENdZvDo7T1NYqNJgqd, Publication takes forever, , , 
/streams/4J0M6KnRYRSRWKa08YlV, robot duck 5, 42.3736158, -71.1097335, 
/streams/aGLZzzXQZaHwonrxRR23, FoodSupply, 40.6400629, 22.9444191, delivery, food, production
/streams/KJy8Y5LaDDsMxbqWazLy, Test, 42.7284117, -73.6917851, 
/streams/mKwEEDbYX6c4gNnombKL, KitchenMonitor, 37.7749295, -122.4194155, 
/streams/pwL2woKl4lH6DaggovKR, Temperature Monitor, 40.1672068, -105.1019275, 
/streams/dZLbl1NlmYiK65MX4gr3, EvAk, , , 
/streams/2J56N94xpdhp3ERrwn7m, JMS Data, , , 
/streams/g6jmxG1bJpCg1J5mYyYz, leaktest, , , 
/streams/zDXJayXg6ZCQrEnvrE2x, ESP8266, , , 
/streams/wpLAjxxyEju05y7w5nj0, nstaff solar hot water, 36.0754183, -79.0997347, solar, water
/streams/roLER7z8p2uO4KaJyXjd, IL Weather, , , 
/streams/wpLWq2lVV3s0W8lroGgz, XWD Sensor 1, 45.7983273, 24.1255826, dht22, esp8266, weather
/streams/NJGWngoJrJi0mlRAr79V, TrakPak Database, 41.7001908, -86.2379328, trakpak
/streams/8dDYMnXooXSYmmGXd2Mo, MyRIO Monitor, 30.267153, -97.7430608, 
/streams/WGbMyQpbEmUQZ566O3Rw, Felicity, 34.0522342, -118.2436849, esp8266
/streams/KJy8V8LO9vhZzQ2DWOxJ, Lemarsh Weather, 34.0522342, -118.2436849, lemarsh, temp, weather
/streams/7J471LqEypf2Dpox4mxY, MMGrad Gwyan Test, 37.6688205, -122.0807964, humidity, temp
/streams/aGnWm58Z7qIb0A7AQqR2, Turbine test, 52.6368778, -1.1397592, turbine, volts
/streams/v0LX77OJwzH2r26gAv2y, Temperature logger, 39.074208, 21.824312, dt1000, temp
/streams/v0LX77OJwzH2r26gAv2y, Temperature logger, 39.074208, 21.824312, dt1000, temp
/streams/OGKQ7rjK1MImdEwpQnwJ, ISO Kit Data, 39.1434406, -77.2013705, emergingtech, innovation, iso, jumpstart, labview
/streams/wpYwzdaqjwSOW51MWyd2, temp, , , 
/streams/YG0p0G6jV0UOA6XgRQL5, sak cclog, , , 
/streams/g6xbpMygr1i1JGJK3pb8, Botan lastest release version, , , botan, latest, release, version
/streams/VGXjy1AKRyFwKZmwxjZ9, bead_14432183, , , 
/streams/YGplY2q1lpcWlRoNv8j0, NewRelay, 12.9715987, 77.5945627, relay
/streams/wpO8Eb0567fg2JOvVX7b, Efftronics weather 2, 16.5061743, 80.6480153, 2, efftronics, weather
/streams/dZlV5NqYgmub87y2NOgM, Efftronics Weather 3, 16.5061743, 80.6480153, 
/streams/wpY9GG600DFrDMdLxyE4, Shenal_Test1, , , 
/streams/JxlYAKNED9hrMlGMWDQ4, DHT11, -18.512178, -44.5550308, dht11, uno, w5100
/streams/AJLpjJNQdLh1AvLmr9oQ, Watermark Tensiometer, 34.4208305, -119.6981901, moisture, soil, tensiometer, watermark
/streams/DJmZzW02vgsz8vOd7nqV, temp, , , 
/streams/dZL21rMLWYuRjWlyNQ3L, Temp, 28.5383355, -81.3792365, weather
/streams/AJM03944AZF9N1mQpQRD, test, , , 
/streams/NJzNA0o6pZSz3bJVjQqV, MY TESTING, , , 
/streams/0lon9X3zZLIqdLn9XY8W, a10, a11 analog values, , , 
/streams/QG8Jg06wXnC26JwvMGNg, testesp2866, , , 
/streams/2J5642MWNgIXqlqdrd6q, cntr, 50.0755381, 14.4378005, 
/streams/pwqdm5MMlai3RpX6R9NN, okumura, 19.0759837, 72.8776559, it
/streams/1nXrQAmZVoTpb6Vggp3r, test1, , , 
/streams/1nXrQAmZVoTpb6Vggp3r, test1, , , 
/streams/dZnaj9R3xviGMRDvnMOy, Beer Fermenter, , , 
/streams/JxlJy5V5xJsnJbXL3lAJ, Amorv√§gen weather, 59.36296, 18.1468, 
/streams/0lrG183RxgSa6K8oN4RG, test_sd, , , 
/streams/1nxKZvN6zZCE8n5b6KAx, B43C roof, -25.7478676, 28.2292712, direction, precipitation, speed
/streams/LQyzXJpJbqIO7wnK6KRV, Lab Environment, 47.6062095, -122.3320708, 
/streams/0lzXRr1MdgHljbqay3y5, Spark Core test, , , 
/streams/wpYz9JbR2AUwp8Zz59p4, Nam&#x27;s Data, , , 
/streams/o8LNql8LXJCV0lVX0XjL, Environment Logger, 41.8781136, -87.6297982, 
/streams/RMwaxEGDvoiDWm89Vbnw, Weather, -12.046374, -77.0427934, 
/streams/QGj5RQjdDDtgWpD197r2, Bougie with Name and interrupt, , , 
/streams/6JqV0A27ldf372yNNd2l, Temperatura , 45.8010928, 15.7110481, 
/streams/jqLLvVZo5zS2o8mx7a2z, ESP32 ADCs, , , 
/streams/VGL60D86waF6y2DvoyL5, BigTUI DSM501A Dust Sensor, 18.2888404, 99.490874, bigtui, dsm501a, dust, lampang, sensor, thailand
/streams/q5ywg04AboFmjO5O9Jn3, Tower Temp, 52.3555177, -1.1743197, heating, temp
/streams/LQLGypLwLJC28roDn29L, Tower Rooms, 52.3555177, -1.1743197, tower
/streams/1n7wGy6Y07T5loxG6Wv1, ESP2866 Demo, , , temperature
/streams/jq7D0M8r2gC4W0wm6LNv, Weatherstation 73, 51.165691, 10.451526, 
/streams/8drQmyMYoNcynJERn7JE, Testing test, Kyamk, 60.4665666, 26.9459403, kyamk
/streams/xR3bpd3mqdFyAOKvy6zr, Test, , , rts
/streams/n1Y8RoMEJnhDVRGDvz6o, Encrypted Stream, 47.6814875, -122.2087353, 
/streams/n1Y8RoMEJnhDVRGDvz6o, Encrypted Stream, 47.6814875, -122.2087353, 
/streams/LQyo4Lo7xdCQVEJdVng7, Nero Test, , , nero
/streams/JxlO5Y0JgphL2v9LxMl1, Dalmierz, , , 
/streams/dZLlwL1L7RH2XWL6rmvd, testTSWeather, , , 
/streams/jqLQKlmr5WH5yanYOAq8, Distronix, , , 
/streams/lzLjw4wKZXu4x4Wj6Vrj, 8266_Test_Stream, 56.4906712, -4.2026458, 
/streams/0lrwxxq5aOFOXj1ylZjg, test, , , 
/streams/7JxONR5lZzsrGZWYEv94, Fluxmetr data, 59.9342802, 30.3350986, atmosphere
/streams/RMKaNpRxNVHdnYy9LKVo, BBQ, -33.864174, 151.2052868, 
/streams/7J4K66WgyGI0WOO62L1Z, multinetwork gateway, 13.0826802, 80.2707184, multinetwork
/streams/o8Lp9NqO1jcKJl2oOL9M, memory, , , 
/streams/KJnN4aX8GxtMM8XW6XbN, Sump_Pump-1234, 46.5653163, -66.4619164, pump1234
/streams/roLLN3q16gfZLbDQj8Ev, Izo Temperature, 48.1485965, 17.1077477, temp
/streams/KJnYxGzxgAuV2rKbdM47, TestStream, 28.5383355, -81.3792365, temperature
/streams/YGLz1547aQT21XZyZv66, Temperatue From My house, 40.463667, -3.74922, temperature
/streams/XGb3M7VWpwSKv8KWaNVG, ESP Daily Task Library testing, , , 
/streams/xRXqlRvE2qf4m4rlRbA7, Internode Line Speed Test, -37.5636495, 143.8671868, internode
/streams/QGjmbDqWmYfZrKawDy8Q, probes, , , 
/streams/8dzJDQw8oDsyYjbymLwm, A Soil Moisture  Temperature and Humidity sensor at my farm in Lampang, Thailand., 18.2888404, 99.490874, ampang, bigtui, humidity, moisture, soi, temperature, thailand
/streams/dZL9GANo4nI3DydNRjzq, test2016, , , test2016
/streams/wpLXXN9p91tw6YgdOXNG, Soumik, , , 
/streams/wpLXXN9p91tw6YgdOXNG, Soumik, , , 
/streams/VGvJLo60AjtdyY8pJMW5, TAS Sensores, -18.512178, -44.5550308, apc220, atmega, galvanometer, iot, w5100
/streams/RMbG6mDrXEFaDw37VK3M, Energie verbruik, 51.9244201, 4.4777325, ardiuno, energy, monitor
/streams/lzL8gw07aYh43pYEEGg3, Dryer Vent 2, 46.5924428, -90.8837982, dryer, humidity, temperature, vent
/streams/pwLKVrv0OYsXOg9mWXDr, TechTown, , , 
/streams/XGLnEN9gy1h1L81dQLvQ, sensorTest, 35.6894875, 139.6917064, 
/streams/n1L5M2W0EVSzvdoODN9j, American Pale Ale, 63.4305149, 10.3950528, 
/streams/7J4AKryj2NcyD6W1b40p, Weather, , , 
/streams/o8q1VY6ybVixQR9Ay9R3, Pogoda Pyrzyce Polska, 53.1460852, 14.8924044, 
/streams/5JyYZ96w4OU8lolox2vZ, bah, , , 
/streams/1n74XrMjrJSpWp3mb1pL, Sentient Shed, 51.5073509, -0.1277583, 
/streams/wpL0WDKZLViE0gE197Qd, 24V battery bank voltage monitor, 52.1614354, -7.1492952, battery, ireland, tramore, volts
/streams/8dzoQJJZlZijamMK4jz9, tomar project, 28.5355161, 77.3910265, accident
/streams/ZGL4XgA9YET3dmnEGZ2K, accident control , 28.5355161, 77.3910265, accident
/streams/AJbNWzj705HRW7xNZv9G, Weather Test, 40.103874, -105.1708193, 
/streams/4JEApWJZnDUmM2JA4xq5, Antrasis daviklis (breadboard), , , 
/streams/OG55WRJE82cXlG34rzxa, ESP8266 Temp &amp; Humidity Test Sensor - Denton Tx, 33.2148412, -97.1330683, denton, weather
/streams/YGLdn6xVynIm3aMlNYKo, 89154, , , 
/streams/EJAVpX3X2gCbW7oLoKam, Temperature Sensor Calibration, , , 
/streams/9JK8MMx3d2FnWbWXZ0dg, security system, 20.593684, 78.96288, distance, humans
/streams/yA6nW3Lazoiwzz44A6JE, San Angel, 19.4326077, -99.133208, dht
