g6aD5EDDx5sME2wN2Zag,KentDS01,KentDS01 Example Streamlocation = nametemperature = degrees Cwindspeed = MPH,,2016-06-30T21:26:37.488Z,-81.35788589999999,41.1536674,,,u'kentds01',u'location'| u'temp'| u'windspeed'
XGLLo4Y6lgID1NaWVbOx,Chicken Coop Temp,Temperature of chicken coop in WI,,2016-06-30T21:15:03.207Z,-89.86206820000001,42.8102794,,,,u'temp'
jqMrzQWpK3FnJ3dEAKG4,Nova Bela Temp & Humidity,Nova Bela Temp & Humidity,,2016-06-30T20:42:34.374Z,18.262524299999995,49.8209226,,,u'humidity'| u'temperature',u'humidity'| u'temperature'
LQ9K4vMomQfWV7EdXDxg,data,lol,,2016-06-30T20:36:57.935Z,4.351721099999963,50.8503463,,,,u'hum'| u'temp'
o8oM9qza04H192661KKq,Temperature Example,Temperature Example at Mangalore; Karnataka; India,,2016-06-30T20:26:33.977Z,74.85595680000006,12.9141417,,,u'mangalore'| u'temp',u'temp'
4Jvo1G5WLpU4R4g6N1ZD,userdb,User Database,,2016-06-30T16:59:36.997Z,23.623635299999933,46.7712101,,,u'user',u'email'| u'password'| u'username'
jqMVnlKv1biy7p8zaX1K,AAC,AAC Testing,,2016-06-30T12:27:46.709Z,80.6480153,16.5061743,,,u'data'| u'length'| u'time_stamp',u'data'| u'length'| u'time_stamp'
DJXNln37LMt5GY2bljJp,Interesting Conditions,Luminosity; Temperature; Humidity; and Barometric Pressure,,2016-06-30T12:16:01.068Z,-82.99879420000002,39.9611755,,,u'humidty'| u'luminosity'| u'pressure'| u'temperature',u'humidity'| u'luminosity'| u'pressure'| u'temperature'
OGEzL0j92ysyEq8MX3qG,#CleanAirDrones Pollution meter,Drone project that you can use to see the pollution,,2016-06-30T11:46:41.397Z,21.42799560000003,41.9973462,,,u'air'| u'clean'| u'drones'| u'pollution',u'altitude'| u'latitude'| u'longitude'| u'pm10'| u'pm25'
7J0x2aLE09IbQK0ZAO4V,JS2016 DHT22 Sensor,Sensor readings from a DHT22 attached to an ESP8266 hosting a web server,,2016-06-30T10:25:05.948Z,115.86045719999993,-31.9505269,,,u'dht22'| u'esp8266'| u'weather',u'hi'| u'hum'| u'temp'
v0yon3o8J4SlXvD5aqb7,Residencia.,controle de temperatura e umidade,,2016-06-30T09:30:43.064Z,-47.333568799999966,-22.7378463,,,u'metereologia',u'temp'| u'umi'
NJ64rQAJ22tG9ryKrG38,weather,sen,,2016-06-30T06:56:43.982Z,,,,,,u'temp'
ro93Q82oNlh21V8MmYyQ,testing,just a test,,2016-07-05T12:55:44.936Z,23.623635299999933,46.7712101,,,u'test',u'lat'| u'lon'
lzj5XZ9nZ3iwjEM8bgrA,SsGarageTemp,TEmp and Light sensor in garage,,2016-06-30T03:45:41.877Z,,,,,,u'light'| u'temperature'| u'time'
dZgDWRJNKjfKDr1pbdA7,Parameter Monitering,Humi;temp;smoke;lux,,2016-06-30T03:29:35.698Z,,,,,u'parameters',u'humidit'| u'light_intensity'| u'smoke'| u'temperature'
8dZLR85DGyToLY3d36LX,Dryer,humidity and temp above my dryer,,2016-06-30T03:01:07.168Z,-94.68589980000002,46.729553,,,u'humidity'| u'temperature',u'humidity'| u'tempc'
o8rZm2N4rqu69w7pmGy0,Lab3,Create sensor networks,,2016-06-30T02:02:33.785Z,149.12868430000003,-35.28199979999999,,,,u'luminosity'| u'temp'
4JYXLJp8rmTmoxqjNvm4,Sous Vide,Sous Vide PID temperature controller,,2016-06-30T01:02:54.702Z,,,,,,u'd'| u'heaterstate'| u'i'| u'p'| u'settemperature'| u'temperature'
wpbq2p0N1rig8WJZRWpO,SparkFun Beehive,Beehive weight; temperature; and humidity at SparkFun HQ.,,2016-06-29T23:19:01.875Z,,,,,u'bees'| u'humidity'| u'temperature'| u'weight',u'battv'| u'humidity'| u'measurementtime'| u'tempf'| u'weightlbs'
1nwZVo2jbohOLJAXD7L3,Waterpool,Monitoring waterpool,,2016-06-29T22:57:21.250Z,107.61912280000001,-6.917463899999999,,,u'graph'| u'temp',u'id'| u'temp1'| u'temp2'| u'temp3'| u'temp4'| u'temp5'| u'temp6'
AJaOErqY14HbnVlzaXEg,OlasTempHum,Temp och Humidity,,2016-06-29T22:01:41.723Z,18.643501000000015,60.12816100000001,,,u'hum'| u'temp'| u'weather',u'hum'| u'temp'
g6ndA66XwasDXn7zRbDV,Refrigerator temperature,Refrigerator temperature,,2016-06-29T19:37:25.762Z,9.655514700000026,59.1385567,,,u'refrigerator'| u'temp',u'temp'
mKm7vGMj3rsDq9lAyEzL,Cuarto_Servidor,DHT Sensor,,2016-06-29T17:18:17.160Z,,,,,,u'humidity'| u'temperature'
WGwxYx47WYIyMrp0oA9X,Upgraded Scoreboard,A Nano Hacker Asignment,,2016-06-29T16:45:54.795Z,,,,,,u'name'| u'score'
5JXLlKRDJrS8q7Mz3mAN,Office Temperature,Arduino; DHT22; Ethernetshield,,2016-06-29T15:34:02.894Z,,,,,,u'hidx'| u'humidity'| u'temp'
KJ23n4vL53hW5bQXXrG5,Vending Transactions,Vending Machine Transactions,,2016-06-29T13:12:57.551Z,77.40080009999997,28.5318691,,,u'amity'| u'vending',u'amount'| u'machine_code'| u'product_code'| u'quantity'| u'transaction_time'| u'username'
VG8zWgNg8MhR3QVL0N9O,Bee,fona gps tracker,,2016-06-29T13:01:00.510Z,,,,,,u'date'| u'time'
9JN3JagnELSWrOQvXVN0,State of Charge,State of charge data from various Particle.io Photon Projects.https://github.com/tsayles/Photon-I2C-RangeFinderhttps://github.com/tsayles/Photon-OneWire-TempChain,,2016-06-29T12:04:46.466Z,-121.8887269,47.5673237,,,u'charge_monitoring'| u'particleio'| u'photon'| u'testing',u'soc'| u'source'
YGp1KJ137aCWaDjv8GA8,OneWire Temperatures,Temperatures read and published from a chain of OneWire Temperature Sensors.,,2016-06-29T12:04:44.116Z,-121.8887269,47.5673237,,,u'onewire'| u'particleio'| u'photon'| u'testing',u'addrrom'| u'rawtemp'| u'source'
lzjxAX96KvuMZp0A2yGg,nata,lab iot,,2016-06-29T10:23:46.822Z,100.98467170000004,13.3611431,,,,u'analog'| u'humval'| u'tempval'
wpqvxY62p1iNagjlYnmZ,My Weather Station-CP,temperature ,,2016-06-29T10:16:29.751Z,78.96288000000004,20.593684,,,u'weather',u'temp'
v0yE82X6qmFQD4lwlZvp,Bus + Mobile,GPS Tracker on Bus,,2016-06-29T09:34:15.788Z,77.18987049999998,28.544788,,,u'bus_iitd',u'latitude'| u'longitude'
LQ9Ld5ZgX8iXyE349KDw,JohnJune,Hello world.,,2016-06-29T09:22:15.052Z,100.98467170000004,13.3611431,,,,u'analogval'| u'humval'| u'tempval'
xR4wzd7pXms9YwN5Jajj,mrtjoker,for study,,2016-06-29T09:19:22.346Z,100.98467170000004,13.3611431,,,,u'analogval'| u'humval'| u'tempval'
KJ2LdGz0qQtr76zq49Ng,UkTech,for starding,,2016-06-29T09:18:10.196Z,100.98467170000004,13.3611431,,,,u'analogval'| u'humval'| u'temval'
lzjxAXbYnquqdoYW0JAa,Thanawat,for learning,,2016-06-29T09:16:04.331Z,100.98467170000004,13.3611431,,,,u'analogval'| u'humvsl'| u'tempval'
RM4LErvdjYSn718rvMzl,Study T.max,for Study,,2016-06-29T09:12:28.982Z,100.98467170000004,13.3611431,,,,u'analogval'| u'humval'| u'tempval'
jqMxAD2g9Vi4Lj0YAKvW,Nostenwayz01,TestCould ,,2016-06-29T09:12:17.716Z,100.98467170000004,13.3611431,,,,u'analogval'| u'humval'| u'tempval'
8dpLwG0192cyAaW93bYq,AofTec,iot_test01,,2016-06-29T09:12:17.509Z,100.98467170000004,13.3611431,,,,u'analogval'| u'humval'| u'tempval'
KJ2LdgaJL1ir76zq49Ny,MicroLab,for leaning,,2016-06-29T09:12:15.346Z,,,,,,u'analogval'| u'humval'| u'tempval'
bGNxZqMldnizyR74dlJJ,MaxTeach,for teaching,,2016-06-29T09:11:26.709Z,100.98467170000004,13.3611431,,,,u'analogval'| u'humval'| u'tempval'
RM4LEaNMxdcwLb1XGDzA,TopTeach,testing,,2016-06-29T09:11:08.457Z,100.98467170000004,13.3611431,,,,u'analogval'| u'humval'| u'tempval'
dZgxAzYGM6UMorE80xAg,Hello IOT,For Edu,,2016-06-29T09:10:31.138Z,,,,,,u'analogval'| u'humval'| u'tempval'
AJaLdZ1jKAI3DKwAb61x,bkk,for teaching,,2016-06-29T08:48:40.173Z,100.98467170000004,13.3611431,,,,u'analogval'| u'humval'| u'tempval'
DJML3p3v7lTRKaGm7628,pottt,a krye at hme,,2016-06-29T07:42:16.896Z,72.85090560000003,19.2461644,,,,u'ldr'
NJ3Jm9xO7vhzzGAaMKxl,GSM Location Tracker,GSM Location Tracker using FONA 808 Shield and Arduino,,2016-06-29T05:56:57.950Z,-122.82319150000001,47.03426289999999,,,u'808'| u'fona'| u'gsm'| u'location'| u'tracker',u'date'| u'latitude'| u'longitude'| u'time'
5JpnAla9LAu4j01QOKJE,Great links for Arduino beginners,Please leave a message with a link to your best resources for beginners to Arduino and electronics,,2016-06-29T05:06:10.408Z,25.279651400000034,54.6871555,,,u'arduino'| u'input'| u'links'| u'message'| u'messages'| u'messenger'| u'user',u'message'
xR40x00zqWi99Qa4E7a4,Ryans Room,DHT22,,2016-06-29T03:16:17.783Z,145.9706648,-41.4545196,,,u'temperature',u'humidity'| u'temp'
G2xQQmaLJ4uRq2KybE55,Hug Counter,Number of times plush monster has been hugged or squished,,2016-06-29T00:14:20.663Z,,,,,,u'hugcount'
OGKgK8azQvUX7Vm9Zdm2,Smart Dirt 03,Smart Dirt 03:   Moteino transmitters send soil-moisture data to a central receiver.   The Moteino receiver sends data to Sparkfun via cellular network.  Data format: ID number; date/time; 4 sensor readings; RSSI.,,2016-06-28T23:48:44.765Z,-90.91510140000003,33.4240055,,,u'cellular'| u'moisture'| u'moteino',u'id'| u'mmddhh'| u'rssi'| u'wm1'| u'wm2'| u'wm3'| u'wm4'
MG3glAK27quj2yVgyq3Y,WeatherData,to get the weather,,2016-06-28T23:45:35.432Z,,,,,,u'location'| u'temp'| u'windspeed'
3JoZnzNQvDfN3rajqrXl,kentds54,weather update of kent;ohio,,2016-06-28T23:44:20.355Z,-81.35788589999999,41.1536674,,,u'kentds54',u'location'| u'temp'| u'winspeed'
EJOE0dbM7LHDzEEwyLzE,Kalty Test,Testing Values,,2016-06-28T23:17:39.524Z,-80.19179020000001,25.7616798,,,,u'analog'| u'digital'
WGXlM9zpz9fyR8ZY4lVr,DonsCatTower,A log of Don's comings and goings.,,2016-06-28T22:42:14.821Z,-105.27054559999999,40.0149856,,,u'cat',u'event'| u'time'
v0yArvRNbycO7jDM28zw,ESP Test,Test ESP PCB,,2016-06-28T20:58:28.816Z,,,,,,u'esp'
aGDGqAz5zLs4bL28W65Z,MUN Weather,LPS25HB (pressure sensor) and HTS221 (temperature and humidity sensor) located in Munich; Germany.,,2016-06-28T20:49:00.632Z,11.581980599999952,48.1351253,,,u'arduino'| u'mems'| u'mun'| u'weather',u'humidity'| u'pressure'| u'temperature'
jqMoaJDOrZFM5YW6ExWo,MixTest,ds20 ; dht22,,2016-06-28T19:25:07.500Z,,,,,,u'humidity'| u'temp1'| u'temp2'
xR4Nma5ZX8sMYx6mnEz3,BuaKaewSensor,Bua Kaew Apartment Sensor,,2016-06-28T19:12:09.877Z,100.98467170000003,13.3611431,,,,u'bkhum'| u'bktemp'| u'bkvalue'
zDKg9MwojViDL0dJojr6,proba,proba,,2016-06-28T19:09:42.387Z,,,,,u'proba',u'proba'
ro9WnDLy63t4xp5n18vm,Test IOT,Testing k64f ethernet,,2016-06-28T18:46:10.639Z,72.87765590000004,19.0759837,,,,u'a'
LQ6qrbEdKgiWMndl5a72,Network speed,Network speed,,2016-06-28T17:11:26.814Z,-95.3698028,29.7604267,,,u'network'| u'speed',u'delay'| u'speed'
KJ21yOpbJ4fMY4MLMr3x,sies_122_potldr,to find the values of pot and ldr using IOT,,2016-06-28T15:05:03.835Z,73.02312430000006,19.0444154,,,u'eduvancesit2016'| u'gst'| u'nerul'| u'sies',u'ldrval'| u'potval'
EJG6v0yy6gTq6Vxy1na0,ESP8266 LM35 Weather,ESP8266 LM35 Weather,,2016-06-28T15:02:08.748Z,78.96288000000004,20.593684,,,,u'temp'
YGoVVqpOZEigND4GrnMw,MOOD LIGHTING,Choose your mood:  Jubiliant; Gloomy; Numb; Romantic; Blissful; Melancholy; Ditsy.,,2016-06-28T13:36:28.141Z,72.98383660000002,19.2266605,,,u'cloud'| u'home'| u'iot'| u'lighting'| u'mood',u'choice'
ZGvbvZr0rAu4g2rL8vXo,Temperature in Room 203,Temperature taken by an ESP,,2016-06-28T13:11:25.023Z,,,,,,u'temp'
ZGRzj8o0nxHwLLdxXrZR,Nordic Weather Station,Just another weather station,,2016-06-28T12:38:17.087Z,,,,,,u'humidity'| u'latitude'| u'longitude'| u'pressure'| u'temperature'
XGvOybvr8lCDGjQEjMMo,MD Sir Cabin @Window- Vijayawada,Temperature;Co2; Humidity Values,,2016-06-28T12:37:21.094Z,80.6466226,16.4980423,,,u'co2'| u'effe'| u'humidity'| u'temperature',u'co2_ppm'| u'humidity_perc'| u'temperature_cent'
o874NlLpVxH5WKr5bxqo,Chiang Mai weather station,DHT11 humidity-temperature monitor at home,,2016-06-28T12:02:59.635Z,98.98171630000002,18.7060641,,,u'chiangmai'| u'cnx'| u'weather',u'humidity'| u'temp'
0l8lDwEVw1TVN8O3Oggj,AlejoPrueba,monitorHumerdadTemperatura,,2016-06-28T10:45:23.911Z,-74.072092,4.710988599999999,,,u'alejoprueba_',u'hidx'| u'hum'| u'temp'
G2mqQMM05bcwXgnvalj0,Denthongminh,lay data den,,2016-06-28T09:40:35.326Z,106.6296638,10.8230989,,,u'den',u'dientu'
OGzn2gE1L4T3DJ9YVMK0,Heart Rate and Blood Pressure ,This is from the IMP device connected to a thumb ECG sensor,,2016-06-28T09:34:52.445Z,-106.67004580000003,52.1332144,,,,u'1_hr'| u'2_sbp'| u'3_dbp'| u'4_skdatetime'
LQ98QVOxWztGJOLj64rn,sit_11_mm,IOT ,,2016-06-28T08:28:44.484Z,72.90822070000002,19.0856491,,,,u'ldr'| u'pot'
q52XRJ8Qg9T6yb1QpGn9,sit_11_afternoon1,IOT sending pot& ldr values,,2016-06-28T08:00:11.552Z,72.90822070000002,19.0856491,,,u'eduvance',u'ldr'| u'pot'
xRwpaNroEaf8yvAGVd3X,TofferTemp,tofftemp,,2016-06-28T06:37:58.840Z,,,,,,u'hidx'| u'hum'| u'temp'
LQ98jQ5rAJujmd5jrA51,MaxData,TestMax,,2016-06-28T05:18:13.216Z,,,,,,u'maxdat'| u'maxhum'| u'maxtemp'
MG37NG3Eolu6lDEr95xN,WiFi Weather Sensor @ Braunschweig,A WiFi Weather Sensor (espweather) temperature; humidity; and barometric pressure @ Braunschweig,,2016-06-27T23:33:11.153Z,10.526769599999966,52.2688736,,,u'dht22'| u'esp8266'| u'weather',u'hum'| u'pres'| u'temp'| u'volt'
o872a3N4xWT1o93NXaxG,TDSM_NODEMCU_TEMPHUM,temperature and humidity from an ESP Easy module.,,2016-06-27T20:41:43.127Z,4.4699359999999615,50.503887,,,u'humidity'| u'temperature',u'humidity'| u'temp'
KJ2d5dWlDvInZJpArM6X,EspConnection ,Used to local ip for esp modules,,2016-06-27T19:56:42.856Z,,,,,,u'localip'| u'uid'
aGDX52QyjAToLmpppR6A,Satlink IoT,ESP8266-DHT22 IoT Temperature Tracking System,,2016-06-27T15:00:27.652Z,,,,,u'satlink',u'hidx'| u'hum'| u'temp'
5JXr9GNp9xig3NYnma2N,switch,on - off   switch,,2016-06-27T14:35:47.817Z,,,,,,u'switch01'| u'switch02'
OG6rLo8nynC6NJzEqY1J,Weather Station,AG; CA Wimp Weather Station based on Nathan's tutorial,,2016-06-27T13:35:41.944Z,-120.59072520000001,35.1185868,,,u'ag'| u'weather',u'baromin'| u'batt_lvl'| u'dailyrainin'| u'dewptf'| u'humidity'| u'light_lvl'| u'measurementtime'| u'rainin'| u'tempf'| u'winddir'| u'winddir_avg2m'| u'windgustdir'| u'windgustdir_10m'| u'windgustmph'| u'windgustmph_10m'| u'windspdmph_avg2m'| u'windspeedmph'
wpqvgLlgnWhKLwWamngl,myRoom,my room,,2016-06-27T13:34:29.409Z,,,,,,u'bulb1'| u'bulb2'| u'fan'| u'led_light'
5JXJroLJRqT8dZKd16o4,Temperature and Humidity,DHT11 sensor and a ESP8266-based Wemos,,2016-06-27T13:05:25.196Z,-95.992775,36.15398159999999,,,u'humidity'| u'temperature',u'hi_c'| u'hi_f'| u'humidity'| u'temp_c'| u'temp_f'
dZV2bMl3DYs5rAxo6G3b,TFS2SCM,Logs for TFS2SCM,,2016-06-27T09:03:58.926Z,78.96288000000004,20.593684,,,,u'data'| u'type'
aGXDrQAJN1hayywrV7QZ,Office TempBug,Temperature Monitor for Office,,2016-06-27T08:45:05.096Z,-97.0525872,46.8891374,,,,u'temp'
1nwrxOMw7vUzMYRW9rjG,rfhtr,fhh,,2016-06-27T07:10:31.353Z,72.85806439999999,19.0151285,,,u'tgd',u'val1'| u'val2'
RM4KL1D34dH51Lyp0qga,vit_praj_2016,vary the value of pot the value of each bit will be vary ,,2016-06-27T06:29:02.722Z,72.85806439999999,19.0151285,,,u'vit',u'ldr'| u'pot'
v0yoXvl0nWiE3Wg6MJdp,PotLdr,Display the value of Pot & Ldr on phant.,,2016-06-27T05:29:49.526Z,72.87765590000004,19.0759837,,,u'ldr'| u'pot',u'ldr_val'| u'pot_val'
EJO22NWMA2IvLYZgV4b8,whatever,vary the value of ldr will vary the value of each bit ,,2016-06-27T05:15:06.122Z,72.85806439999999,19.0151285,,,u'2016'| u'eduvance'| u'sit'| u'vit',u'ldr'| u'val'
AJarrZJMQXc6oKZVRZJZ,vitmadh_pot,by varing the value of pot vary the value of each bit,,2016-06-27T05:10:09.815Z,72.85806439999999,19.0151285,,,u'eduvance'| u'sit2016'| u'vit',u'val'
EJOvrmDvwxUaWRJg3DoO,Sump Water,A SR-04 sonic sensor wired to a raspberry pi running raspi-sump,,2016-06-27T03:24:20.784Z,-92.9593797,44.9238552,,,u'basement'| u'flood'| u'groundwater'| u'raspberrypi'| u'sump'| u'water',u'time'| u'waterdepth'| u'watertemp'
KJ29KJRnaEU8Yo57bEb4,Pike Lake; Saskatchewan,A weather system in Saskatchewan,,2016-06-27T02:11:06.274Z,-106.4508639,52.9399159,,,,u'1_light'| u'2_temp'| u'3_rh'| u'4_soil'| u'5_wind'| u'6_leaf'| u'7_rain'| u'8_anemometer'
OGEn0dVVKVhMqa5WGojR,pipi61,teszt,,2016-06-26T23:33:38.801Z,,,,,u'tags',u'hidx'| u'hum'| u'temp'
RM4KEpA0M6CDr7Xb9qp4,MyTestStreem,No worthwhile data,,2016-06-26T22:29:29.424Z,,,,,,u'temp'
g6aGAWKLMwTgW7ozgVaD,chyvack2,esp8266 test,,2016-06-26T22:05:46.197Z,43.936058900000035,56.2965039,,,,u'hum'| u'temp1'| u'temp2'
2J8rZ8XKddhN9lmQyE3Z,Analog,Testing WiFi Sensor,,2016-06-26T21:14:53.420Z,35.243322000000035,38.963745,,,u'analog',u'value'
RM4GM4y0mXUnjxWD7Yg3,DS18B20,This is located in New Zealand ,,2016-06-26T20:27:57.840Z,174.76333150000005,-36.8484597,,,,u'temp'
QGqz3NpZW1hg9y7oVy9j,test maux,wemos D1,,2016-06-26T19:54:30.503Z,,,,,,u'humidity'| u'temp'
jqM3W22Om3sv0dblEMgl,ashishpot,wfe,,2016-06-26T08:41:42.267Z,72.87765590000004,19.0759837,,,u'ashish'| u'pot'| u'thakur',u'shi'
2JYrAXKraYu9LZDbjp8R,sit_36_aft,I m using this server to learn and have fun,,2016-06-26T08:23:40.384Z,72.90766689999998,19.0908063,,,u'eduvance'| u'sit2016',u'pot'
q52Km18zXYFazagxj25W,sit_158_ga,Pranav's pot values,,2016-06-26T08:20:39.849Z,,,,,u'eduvance'| u'ghatkopar'| u'sit2016',u'pot'
ro91WM3Xq2T6DyqmxraO,sit_2016_161,Logging in data. ,,2016-06-26T08:20:35.073Z,72.87765590000004,19.0759837,,,u'eduvance'| u'pot'| u'sit2016',u'pot'
VG8Yr6Z195IMn01L3WlA,sit_16_aft,Pot,,2016-06-26T08:17:58.599Z,-0.07138899999995374,-75.250973,,,u'ghatkopar',u'pot'
YGoWngmZO1cYY7G0zKQW,Capstone Air Quality Monitor,Test...,,2016-06-26T08:15:10.371Z,55.270782800000006,25.2048493,,,u'air_quality',u'humidity'| u'pollution'| u'temperature'
7J0jOMEgE4hyoWEJAAgK,sit_gkt2_16_pot,IOT first practical,,2016-06-26T07:50:41.902Z,,,,,u'eduvance'| u'ghatkopar'| u'sit2016',u'val'
wpqb0GlyQwSM07Q8XXjK,sit_gkt_9_pot,Iot practical Lab1 to be practiced.,,2016-06-26T04:47:11.259Z,,,,,u'eduvance'| u'ghatkopar'| u'sit_2016',u'val'
3Jojap7R6lhJj6ROdm9W,SIT_GKT_A17_pot,Interfacing a potentiometer ,,2016-06-26T04:24:18.611Z,,,,,u'eduvance'| u'ghatkopar'| u'sit2016',u'bal'
LQ9EoMjpr6CmbyqVGLOm,sit_gkt_34_pot,interfacing a pot with IoT using phant server.,,2016-06-26T03:56:06.721Z,,,,,u'eduvance'| u'ghatkopar'| u'sit2016',u'val'
7J0jOMqMOoCYgaR64zjm,sit_gkt_161_pot,Creating my first data stream because it's cool.,,2016-06-26T03:56:02.710Z,,,,,u'eduvance'| u'ghatkopar'| u'sit2016',u'val'
ro9wYELEQEtyoAJrord6,sit_gkt_160_1_pot,learning,,2016-06-26T03:56:02.670Z,,,,,,u'val'
3JojaVDpYlfKwvNp6GJ1,sit_gkt_36_pot,Study of internet of things and interfacing  of  pot .,,2016-06-26T03:56:00.176Z,,,,,u'eduvance'| u'ghatkopar'| u'sit2016',u'val'
q528w9ar1DIWwG0yKKXQ,sit_gkt_1_pot,we are creating an IOT to interface a potentiometer,,2016-06-26T03:55:59.866Z,,,,,u'eduvance'| u'ghatkopar'| u'sit2016',u'val'
6JbjMZ8DXlfwvpgMql30,sit_gkt_162_pot,to perform IOT practicals using potentiometer.,,2016-06-26T03:55:59.389Z,,,,,u'eduvance'| u'gkt'| u'sit2016',u'val'
pwJ15Gywo5sn5WAEzzxV,sit_gkt_04_pot,IOT first practical. ( Interfacing potentiometer... :) ),,2016-06-26T03:55:59.373Z,,,,,u'eduvance'| u'ghatkopar'| u'sit2016',u'val'
g6aM3l9jDzfd3Rz2JJA1,sit_gkt_8_pot,pot interface using IOT.,,2016-06-26T03:55:58.054Z,,,,,u'eduvance'| u'ghatkopar'| u'sit2016',u'val'
o8751XwRXyFa7d9q6OmD,sit_gkt_11_pot,iot data stream server for potdata from mbed,,2016-06-26T03:55:55.762Z,,,,,u'eduvance'| u'ghatkopar'| u'sit2016',u'val'
q528w03QEVfGz3W4Lmj5,sit_gkt_158_pot,We are going to create an IOT data stream.,,2016-06-26T03:55:55.349Z,,,,,u'eduvance'| u'ghatkopar'| u'sit2016',u'val'
OGE4b3XQ5MHODM04oodm,sit_gkt_7_pot,Potentiometer interfacing over IOT.,,2016-06-26T03:55:55.292Z,,,,,u'eduvance'| u'ghatkopar'| u'sit2016',u'val'
dZga2Nmy7nfg1oYR2D5q,sit_gkt_06_pot,Pot interfacing over IOT.,,2016-06-26T03:55:53.845Z,,,,,u'eduvance'| u'ghatkopar'| u'sit2016',u'val'
QGqKpEgVbzHqv1804Y6d,sit_gkt_119_pot,we are learning iot and interfacing a pot on iot.,,2016-06-26T03:55:52.602Z,,,,,u'eduvance'| u'gkt'| u'sit2016',u'val'
0l8jgAYlXgh7dLnwWWA6,sit_gkt_12_pot,interfacing pot to study IOT .Learn something NEW !! ,,2016-06-26T03:55:49.848Z,,,,,u'eduvance'| u'ghatkopar'| u'sit2016',u'val'
MG3yvQ5pWnHl81XyvvGJ,sit_gkt_156_pot,we are going to create a data stream and perform IOT bound projects with its aid.,,2016-06-26T03:55:48.646Z,,,,,u'eduvance'| u'ghatkopar'| u'sit2016',u'val'
ZGv0aYJVdbHvxERmX0GQ,sit_gkt_10_pot,To create a  server for using a potentiometer to learn IOT,,2016-06-26T03:55:47.913Z,,,,,u'eduvance'| u'ghatkopar'| u'sit2016',u'val'
KJ26Y658EVIjY725nLVV,sit_gkt_125_pot,Connecting pot using IOT.,,2016-06-26T03:55:46.753Z,,,,,u'eduvance'| u'ghatkopar'| u'sit2016',u'val'
bGN57ApJnEfNRwY6VZnv,sit_gkt3_16_pot,create a data stream and IOT cloud,,2016-06-26T03:55:45.943Z,,,,,u'eduvance'| u'ghatkopar'| u'sit2016',u'val'
ro9wznX3DnHrZAM9730G,Simont-learning,Generic sandbox for my own learning,,2016-06-26T01:57:43.066Z,,,,,,u'donnees'
YGYylA65LwIvj99Jxqx0,MAN Weatherstation,MAN Weather Station dtat stream; from WIMP weatherstation project,,2016-06-26T01:55:57.480Z,174.27386690000003,-35.5395581,,,u'nz'| u'weatherstation',u'baromin'| u'batt_lvl'| u'dailyrainin'| u'dewptf'| u'humidity'| u'light_lvl'| u'measurementtime'| u'rainin'| u'solarradiation'| u'tempf'| u'winddir'| u'winddir_avg2m'| u'windgustdir'| u'windgustdir_10m'| u'windgustmph'| u'windgustmph_10m'| u'windspdmph_avg2m'| u'windspeedmph'
aGDgxwn9j4TRxMyL1Yr2,NODEMCU,NODEMCU pruebas,,2016-06-25T23:22:03.912Z,,,,,,u'dato'
WGw1d96V45cNMrXa0vVy,Incubator Project,This is an autonomous IoT Incubator project to handle all aspects of the egg hatching process.,,2016-06-25T21:13:00.328Z,-117.68921799999998,33.6469661,,,u'incubator'| u'iot',u'alarm'| u'dry'| u'heat'| u'local_time'| u'pump'| u'status'| u'temp'| u'turn'
MGyjZ5OO0DfMRbqqmR6l,BBQ thermo,A thermocouple on a bbq in ohio,,2016-06-25T21:11:17.393Z,-82.90712300000001,40.4172871,,,,u'temp'
JxJZjqg2Y8IrOY7GNZzy,Nanotes,Nanotes,,2016-06-25T13:08:22.657Z,,,,,,u'index'| u'parent'| u'tag'| u'url'
aGlQJxoMGjhadyrAAnQN,Occupancy Control,This system controls the exhaust fan based on Occupancy n Temperature; Relative Humidity; Volatile organic Compounds.,,2016-06-25T11:49:27.380Z,80.6480153,16.5061743,,,u'fan_stat'| u'humidity'| u'occupancy'| u'temperature'| u'vocs',u'fan_stat'| u'humidity_perc'| u'occupancy'| u'temperature_cent'| u'voc_ppm'
MG3yAomGyNc2G86d025r,sies_128_pot,we learnt IOT today,,2016-06-25T10:16:50.756Z,,,,,u'eduvancesit2016'| u'kanika'| u'nerul'| u'sies',u'val'
yAzp5q5d63f83Rg6Z8wV,sies_126_pot,setting server using iot,,2016-06-25T10:16:43.207Z,,,,,u'abhishek'| u'grisha'| u'nerul'| u'sies'| u'siteduvance2016',u'val'
1nwjOJ5N6GuJpl007585,sies_129_pot,setting  the phant server data stream,,2016-06-25T10:16:26.899Z,,,,,u'afwan'| u'eduvancesit2016'| u'nerul'| u'shivani'| u'sies',u'val'
QGqKdAdr4Kt8v24G983Y,sies_112_pot,setting the phant  server data server,,2016-06-25T10:16:16.308Z,,,,,u'ankita'| u'eduvancesit2016'| u'neethu'| u'nerul'| u'sies',u'val'
DJMjbyVL5bs6xb881JVL,sies_125_pot,Saving the value of the potentiometer on IOT cloud.,,2016-06-25T10:15:52.348Z,,,,,u'eduvancesit2016'| u'gst'| u'nerul'| u'remya'| u'sies',u'val'
WGwv6ANERwS7NaOOVm9A,SIES_121_POT,IOTbased pot ,,2016-06-25T10:13:37.542Z,,,,,u'eduvancesit2016'| u'nerul'| u'sies',u'val'
QGqKdAmVOYu088jLjpxK,sies_124_pot,we have learned iot today from gopal sir and its great.,,2016-06-25T10:13:37.308Z,73.02312430000006,19.0444154,,,u'2016'| u'aditya'| u'eduvance'| u'nerul'| u'sies'| u'sit',u'val'
AJaj77DyaKSM33mVmyW4,sies_119_pot,Upcoming Android version Nankatai,,2016-06-25T10:13:36.829Z,,,,,u'dharavi'| u'eduvance'| u'siesnerul',u'val'
XGYXEW7nqVsZ00v9vlMJ,SIES_114_POT,A poteniometer is interfaced with the FRDM board.We send the values of pot .,,2016-06-25T10:13:36.722Z,,,,,u'eduvancesit2016'| u'nerul'| u'shruti'| u'sies'| u'vinit',u'val'
LQ9ERYWpOzCVqqgdglz0,SIES_118_POT,iot based pot ,,2016-06-25T10:13:36.289Z,,,,,u'eduvancesit2016'| u'nerul'| u'sies',u'val'
KJ26Ovvylgt5Vobnq7vV,pot and ldr,this data stream for pot and ldr data,,2016-06-25T10:11:16.483Z,,,,,u'ldr'| u'pot',u'val_ldr'| u'val_pot'
xR408vOKp6cdLy46GxKm,ESPTest,some new,,2016-06-25T07:42:59.508Z,,,,,,u'led'
YGob3x8YnKcwZabNdlyp,vit_47,variance in pot ,,2016-06-25T07:04:32.143Z,72.87765590000004,19.0759837,,,u'eduvance',u'val'
lzjq7VAx6bImR5ar0MZa,INTERNET10, TRANSMISSION VIA THE INERNET,,2016-06-25T06:54:12.906Z,72.87765590000004,19.0759837,,,u'inernet',u'val'
8dpZy0Nmrbf8q7D2OLmy,abc,pot ldr,,2016-06-25T06:52:19.828Z,72.85806439999999,19.0151285,,,u'abcd',u'val1'| u'val2'
yAzpdlxDWruZE4lb1gNV,golmaal,mayaooo,,2016-06-25T06:48:12.382Z,73.96537149999995,23.2544442,,,u'chadi'| u'choti'| u'diki'| u'sameer'| u'sanduk',u'val1'| u'val2'
lzjqaYAp8VcVRD5vbJMa,vit58_pot,To store data of pot value for IOT application.,,2016-06-25T06:44:28.426Z,72.85806439999999,19.0151285,,,u'eduvance'| u'sit2016'| u'vit',u'val'
o875EXXZWLSa8b16X0vb,vit42_pot,designing iot for pot values,,2016-06-25T06:40:49.725Z,72.86581669999998,19.0204476,,,u'sit2016',u'val'
KJ26mQpb8NfE4nXmYKm6,pot and ldr data,ldr and pot values,,2016-06-25T06:37:08.216Z,72.84015390000002,19.1827551,,,u'atharva'| u'ldr'| u'pot',u'ldrval'| u'potval'
bGN5r8w0VlinLx1DdWwJ,vit45_siddhi,using internet server read pot values,,2016-06-25T06:36:40.241Z,72.86581669999998,19.0204476,,,u'edu'| u'sit2016'| u'vit',u'val'
G2mj7o3mXvHwEAljobWa,VIT63_pot_swapkiran,we want to interface a pot to transmit corresponding data to server.,,2016-06-25T06:31:29.395Z,72.86581669999998,19.0204476,,,u'sit2016'| u'sit_2016_vit_eduvance',u'val'
JxJ3orJ4a2iro3VXzqr2,vitmadhura_pot,vary the value of pot varing the value of each bit,,2016-06-25T06:21:55.764Z,72.85806439999999,19.0151285,,,u'eduvance'| u'sit2016'| u'vit',u'val'
7J0jgKmJmWhKwLQl74YW,ssn,values of sensors ,,2016-06-25T05:59:26.760Z,,,,,u'atharva'| u'potentiometer'| u'ssn',u'ldrval'| u'poval'
g6aM9j20NlHEjAZRVxJG,Vishrut_Amey_Potval&ldrval,values of different interfaced sensors,,2016-06-25T05:48:39.503Z,72.82590970000001,19.197974,,,u'atharva'| u'ldrval'| u'potval',u'ldrval'| u'potval'
YGobOKJ2G8IyK8ag4wjZ,vit46_pot,vary the value of pot  to get the values of each bit,,2016-06-25T05:30:27.607Z,72.85806439999999,19.0151285,,,u'eduvance'| u'sit2016'| u'vit',u'val'
lzjqaYZ59aIgbL4qVDjx,VIT_YK_77_POT,We are going to interface a potientiometer and send the data on the IOT server and store there.,,2016-06-25T05:29:52.317Z,72.86581669999998,19.0204476,,,u'eduvance'| u'sit2016'| u'vit',u'val'
yAzpogYKArI8aW0bvKwZ,VIT_56_POT,Interfacing a Potentiometer with an IoT Server ,,2016-06-25T05:29:48.428Z,72.86581669999998,19.0204476,,,u'eduvance'| u'iot'| u'pot'| u'sit2016'| u'vit',u'val'
ro9w4pl2vjFMEvYzLAgE,71_Pot_FIFA,We are going to interface a potentiometer through IOT. ,,2016-06-25T05:29:32.306Z,72.85806439999999,19.0151285,,,u'eduvance'| u'sit_2016'| u'vit',u'val'
XGYX7VVzgLSygxaK0JYG,VIT_79_POT,We are going to interface a potentiometer and store the data on the server.,,2016-06-25T05:29:28.952Z,72.87765590000004,19.0759837,,,u'eduvance'| u'sit2016'| u'vit',u'val'
o875EXVrvnSJ4WD5pjqK,VIT_73_pot_SIT,Interfacing of a pot using Iot,,2016-06-25T05:29:24.375Z,72.86581669999998,19.0204476,,,u'eduvance'| u'sit2016'| u'vit',u'val'
3JojDN4DlNCEDGn3NOK5,vit_ep64_pot,Interfacing a pot and the corresponding data will be put on the server,,2016-06-25T05:29:20.574Z,72.86581669999998,19.0204476,,,u'sit2016'| u'vit',u'val'
9JRj5ddwaVuANjEd9rz4,ns_vit_65_pot,interface a pot and data will be put on server.,,2016-06-25T05:29:19.706Z,72.86581669999998,19.0204476,,,u'sit2016'| u'vit',u'val'
YGobOmKJzvCpGJd57QWD,jush_43_pot,Get the values of pot and put in on the server.,,2016-06-25T05:29:18.384Z,72.85806439999999,19.0151285,,,u'eduvance'| u'sit2016'| u'vit',u'val'
pwJ1ybblbYIXzav1Y8LW,Vit84_pot,Pot ko interface kiya and server pe dikega,,2016-06-25T05:29:18.367Z,72.85806439999999,19.0151285,,,u'eduvance'| u'sit2016'| u'vit',u'val'
RM410VDK6Qcb4LalwRxo,vit60_pot_table,pot interfacing  ,,2016-06-25T05:29:18.362Z,72.85806439999999,19.0151285,,,u'eduvance'| u'sit2016'| u'vit',u'val'
7J0j9VbygGTLAVnK0jmV,shooanu_pot,IOT Applications,,2016-06-25T05:29:17.926Z,72.86581669999998,19.0204476,,,u'eduvance'| u'shooanu'| u'sit2016'| u'vit',u'val'
KJ26m0xljVTM3LRE2Dj1,VIT_48_POT,Going to interface potentiometer with KL25Z and respective data is stored on cloud.,,2016-06-25T05:29:17.661Z,72.86581669999998,19.0204476,,,u'eduvance'| u'mbed'| u'sit2016'| u'vidyalankar'| u'vit',u'val'
v0yX8llZ4LSr1Nbyzqnx,VIT_76_POT_sh2,We are going to interface the potentiometer and store the result on the IoTcloud.,,2016-06-25T05:29:15.331Z,72.86581669999998,19.0204476,,,u'eduvance'| u'sit2016'| u'vit',u'val'
pwJ1yb2mGqu3yJ7l0jgE,vit78_pot_rm,Interfacing  potentiometer;store output values on cloud.,,2016-06-25T05:29:13.138Z,72.87765590000004,19.0759837,,,u'eduvance'| u'sit2016'| u'vit',u'val'
4Jvd9NzJvLCLNDxqvwVL,vit61_pot,Interface a pot & the data will be put on the server.,,2016-06-25T05:29:12.820Z,72.87765590000004,19.0759837,,,u'eduvance'| u'sit2016'| u'vit',u'val'
QGqKlVv2q5f8NRpjyl3w,VIT_REHAN_NIKHIL_1460,We are going to interface a Potentiometer and make it available to the server.,,2016-06-25T05:29:12.813Z,72.86581669999998,19.0204476,,,u'eduvance'| u'sit2016'| u'vit',u'val'
WGwvrV7Rbpi5EL3QbJ2d,vit59_pot,Interface a pot and put the values on server.,,2016-06-25T05:29:10.267Z,72.85806439999999,19.0151285,,,u'eduvance'| u'sit2016'| u'vit',u'val'
VG8oaZz4AEsX03pyrR7p,vitsonadipa81_pot,interfacing  a pot to IOT to access values on cloud,,2016-06-25T05:29:09.993Z,72.86581669999998,19.0204476,,,u'eduvance'| u'sit2016'| u'vit',u'val'
XGYX79r8ZAsygxaK0JYJ,vitsit58_pot_yc1,interface pot  for data  for iot application ,,2016-06-25T05:29:08.759Z,72.87765590000004,19.0759837,,,u'eduvance'| u'iot'| u'pot'| u'sit2016'| u'vit',u'val'
AJaj4znZ2Mc30xymqrnx,VIT_54_POT,The changes of the values of potentiometer would  be uploaded.,,2016-06-25T05:29:08.751Z,72.85738279999998,19.0088678,,,u'eduvance'| u'sit2016'| u'vit',u'val'
g6aMrzA5qVuEbVLQvD87,VIT49_pot,SIT VIT 2016IOT based commmunication...,,2016-06-25T05:29:07.516Z,72.85806439999999,19.0151285,,,u'eduvance'| u'sit2016'| u'vit',u'val'
ZGv0jVz2vEfRNJOWyzVK,SRIKALA75_pot,data to to be put on iot.,,2016-06-25T05:29:07.173Z,72.85806439999999,19.0151285,,,u'eduvance'| u'sit2016'| u'vit',u'val'
AJaj4znrmKHKqDGR3xN5,VIT_SIT_16_Group68_POT,Values of interfaced potentiometer will be logged on to the server.,,2016-06-25T05:29:07.027Z,72.87765590000004,19.0759837,,,u'eduvance'| u'sit2016'| u'vit',u'val'
RM410VDaywuwVREY4NnA,vit52_pot_jatin,the values changed in pot is observed,,2016-06-25T05:29:06.841Z,72.86581669999998,19.0204476,,,u'eduvance'| u'sit2016'| u'vit',u'val'
KJ26m0dJ2LCGd8QWgVyj,vit45_pot,interfacing pot  and load data on server.,,2016-06-25T05:29:06.598Z,72.85738279999998,19.0088678,,,u'eduvance'| u'sit2016'| u'vit',u'val'
OGE4gV2NXmiKYRwN5rm0,VIT_80_POT,Interfacing potentiometer and acquiring data on the cloud.,,2016-06-25T05:29:06.222Z,72.85806439999999,19.0151285,,,u'eduvance'| u'sit2016'| u'vit',u'val'
3JojDN2xNMcNjOdQDr9v,vit_group51matlabi,In this project;we will interface FRDM board with a device so that we can store the data on cloud ,,2016-06-25T05:29:06.103Z,72.86581669999998,19.0204476,,,u'eduvance'| u'sit2016'| u'vit',u'val'
q528q0ZJJbi6jpzRO7xV,VIT_7 0_Pot_IOT,We are going to connect device and send pot values over IOT,,2016-06-25T05:29:04.908Z,72.85806439999999,19.0151285,,,u'eduvance'| u'sit2016'| u'vidyalankar'| u'vit',u'val'
aGDgd3Q6nqioMWQ3p2gl,VIT_67PP_pot,Interface a pot and  send data to the server,,2016-06-25T05:29:02.137Z,72.86581669999998,19.0204476,,,u'eduvance'| u'sit2016'| u'vit',u'val'
n1rz6vZyO6inGxKY2Qay,VIT_82_POT,Interface  a POT and display its value on internet using IOT,,2016-06-25T05:29:01.686Z,72.85806439999999,19.0151285,,,u'eduvance'| u'sit2016'| u'vit',u'val'
1nwj5NOVgKHxgbmWyjOq,VIT_55_POT,Interfacing a Pot with the server to get the value of a pot and store into the server.,,2016-06-25T05:29:01.421Z,72.86581669999998,19.0204476,,,u'eduvance'| u'pot'| u'sit2016'| u'vit',u'val'
1nwj5NynwLILKJ06wE9w,vit53_pot_sumedhcoolpatil,The change in values of potentiometer is uploaded on the server.,,2016-06-25T05:29:01.056Z,72.86581669999998,19.0204476,,,u'eduvance'| u'group53'| u'potval'| u'sit2016'| u'tj'| u'vit',u'val'
LQ9EAp129GsqYnlg8NXo,vit_groupno74_pot,pot is interface with hard ware and data is put of iot,,2016-06-25T05:29:00.693Z,72.85806439999999,19.0151285,,,u'eduvance'| u'sit2016'| u'vit',u'val'
9JRj5dYvDmH59mYDAjvd,vit44_pot,We are going to interface a pot and update the data on internet.,,2016-06-25T05:29:00.006Z,72.85738279999998,19.0088678,,,u'2016'| u'eduvance'| u'sit'| u'vit',u'val'
WGwvrV0wJEF5EL3QbJw1,Vit_62_POT,Interfacing of POT with server ,,2016-06-25T05:28:59.358Z,,,,,u'avhad'| u'eduvance'| u'felsita'| u'kirty'| u'mekapogu'| u'praju'| u'sit2016'| u'vit',u'val'
7J0j9V1325hWpzoZROY3,vit50_potps,Interfaced a Pot and  upload it's data on cloud,,2016-06-25T05:28:13.624Z,72.86581669999998,19.0204476,,,u'besurewithvidyalankar'| u'eduvance'| u'prathmeshkelkar'| u'sankalpmore'| u'sit2016'| u'vidyalankar'| u'vit',u'val'
zDKR8m1DKoINod7Rqm8z,VIT_DragonSlayers_pot,Storing pot values,,2016-06-25T05:28:08.418Z,72.85806439999999,19.0151285,,,u'eduvance'| u'sit2016'| u'vit',u'val'
4Jvd9NoYYMiKrdOGAj7K,vit_72_pot_Mihir_Samay_SIT_2016,Interfacing Potentiometer  from a kl25Z and log this data on the server ,,2016-06-25T05:28:08.406Z,72.85806439999999,19.0151285,,,u'eduvance'| u'sit2016'| u'vidyalankar',u'val'
ro9wQED4b0crQAV6VMya,grp7_val,value of sensors,,2016-06-25T04:51:41.243Z,72.82348350000007,19.1991747,,,u'atharva'| u'sensors'| u'values',u'ldrval'| u'potval'
wpqVY4qWrRFbqbyYbr9v,Robot Dozen,PM2.5  Air sensor,,2016-06-25T04:27:57.035Z,-114.11287340000001,46.3140884,,,u'pm25',u'pm25'| u'ratiop2'
ZGv0yjgLmRTonGpwyDrN,grp7_pot,potentiometer value at atharva college of engineering,,2016-06-25T03:47:41.105Z,72.84015390000002,19.1827551,,,u'atharva'| u'potmeter'| u'saurabh',u'resistance'
YGbom7JmjRIpE6KEpRvr,JJ WIMP,Sparkfun Weather Station ,,2016-06-24T23:48:58.023Z,-105.3172146,39.6333213,,,u'weather',u'baromin'| u'batt_lvl'| u'dailyrainin'| u'dewptf'| u'humidity'| u'light_lvl'| u'measurementtime'| u'rainin'| u'tempf'| u'winddir'| u'winddir_avg2m'| u'windgustdir'| u'windgustdir_10m'| u'windgustmph'| u'windgustmph_10m'| u'windspdmph_avg2m'| u'windspeedmph'
8dpEv8MMA8t8alxmOEpM,wael,hhhhhhhhhh,,2016-06-24T23:34:33.132Z,,,,,,u'12'| u'23'
0l8G6mRVpnUm3nyYa9ql,LitterBox Frequency,How often the litter robot is used,,2016-06-24T23:31:47.938Z,,,,,,u'id'
aGDXoJjvwnSDOz9A6p56,GPS ENSET project,use arduino+sim 808 to locate something and store location with internet,,2016-06-24T22:25:30.207Z,9.767868700000008,4.0510564,,,u'gps_trakers',u'douala'
QGy9llypM5ump1bLn5zR,Home humidity and temperature,Home humidity and temperature ESP8266 + DHT22,,2016-06-24T20:49:42.819Z,21.012228700000037,52.2296756,,,,u'hidx'| u'hum'| u'temp'
2J526RZKYjFwvJm42aVL,Workroom Environment,ESP8266 + Thermistor -  Test 7,,2016-06-24T20:05:51.882Z,-95.3698028,29.7604267,,,,u'temperature'
VG8yYrAQQXSzN4oyDnaV,ESP TEST,testing esp module for tcp connections,,2016-06-24T15:15:16.056Z,72.87765590000004,19.0759837,,,u'esp'| u'srija'| u'test',u'val'
QGqWbpr4MvIMx256Awgm,closet,pelephne_closet,,2016-06-24T15:09:42.405Z,34.85161199999993,31.046051,,,u'my_class',u'class'
aGDXXAGApwSoAxpG4XzZ,ZNX,test znx connectivity,,2016-06-24T14:31:24.173Z,,,,,,u'temp'
G2mpEL7aQ6fdX5z8lgD9,pot reading,data of pot,,2016-06-24T13:06:20.595Z,72.87765590000004,19.0759837,,,u'pot',u'pot'
XGY48GY51btD6529yvVX,Random Stream,Just for testing,,2016-06-24T13:03:12.297Z,,,,,,u'value'
lzjnGaZLXVtgD7RXGGVa,Luminosity Sense,LDRs,,2016-06-24T12:50:32.211Z,,,,,,u'l1'| u'l2'| u'l3'
2J8qyJoNNaiVplQaVg8w,smart matress,going to get reading from temp. sensors;wetness sensor and motion sensor.,,2016-06-24T11:24:34.614Z,77.20902120000005,28.6139391,,,u'matress',u'bedsore'| u'termp'| u'wetness'
o87G0VOap7sjNQz1EjOa,Gopal_test Data,This is to test the ESP8266 module,,2016-06-24T10:27:36.048Z,,,,,,u'val'
aGD67ogZMwS48MV9XVY9,musa test,musa test,,2016-06-24T08:50:10.105Z,,,,,,u'hareket'| u'nem'| u'sicaklik'
LQ9715E8g3Hxr9gLJDKq,Landslide probability sensing test,test,,2016-06-24T05:16:54.165Z,,,,,,u'acceler'| u'moisture'
bGNbdRDnaLTzg35Vz0zX,weatherdata KentDS01,a sample weather data from a town or citylocation=nametemperature=degree Cwindspeed= MPH,,2016-06-24T01:28:09.367Z,-81.35788589999999,41.1536674,,,u'kendds1',u'location'| u'temp'| u'windspeed'
q526EQl9lLsLWpbYL4LQ,KentDs01,Weather stream examplelocation=nametemperature = degree Cwindspeed = MPH,,2016-06-24T01:19:24.809Z,,,,,,u'location'| u'temp'| u'windspeed'
MG3gl4EWDRFK8KLga4pw,Stow Weather,Location=namewindspeed=mphtemperature=valuehumidity=value,,2016-06-24T01:19:09.752Z,-81.44038979999999,41.1595005,,,u'stow'| u'weather',u'humidity'| u'location'| u'temperature'| u'windspeed'
RM4G67mWLQczaz68gl0r,DSTempClass,KentDS01 Example Stream location = name temperature = degrees C windspeed = MPH,,2016-06-24T01:17:47.258Z,,,,,,u'location'| u'temp'| u'windspeed'
1nwZ9YryMgHlGNgDGZRy,KENTDS92,location = nametemperature degrees Cwindspeed = MPH,,2016-06-24T01:16:02.634Z,-82.99879420000002,39.9611755,,,u'kentds92',u'location'| u'temp'| u'windspeed'
aGDX02EMLwFEpXW1X8DK,KentDS01,KentDS01 Example Streamlocation  = nametemperature = degrees Cwindspeed = MPH,,2016-06-24T00:41:16.724Z,-81.35788589999999,41.1536674,,,u'kentds01',u'humidity'| u'location'| u'temp'| u'wind'
2JYQYbmg10uwzvdywaLr,twitter voting,voting counts for EU referendum,,2016-06-23T21:00:58.499Z,-2.8930749999999534,53.193392,,,,u'bangor_in'| u'bangor_out'| u'bangor_undisclosed'| u'chester_in'| u'chester_out'| u'chester_undisclosed'| u'liv_in'| u'liv_out'| u'liv_undisclosed'| u'scot_in'| u'scot_out'| u'scot_undisclosed'| u'uk_in'| u'uk_out'| u'uk_undisclosed'
QGqLwwGg00i0lXgbJpWm,birdBox,a little birdBox,,2016-06-23T18:22:15.238Z,151.20929550000005,-33.8688197,,,u'birdbox',u'temperature'
jqMw8Z9yx6tDm0gZjRw1,DeVilliersWeather,Home Weather station,,2016-06-23T18:17:21.158Z,18.96210910000002,-33.7342304,,,u'weather',u'heatindex'| u'humidity'| u'temp'
zDx02Npzm9IKmvdXpJ7Z,IOTomato,Sensors in a Tomato Greenhouse,,2016-06-23T17:24:11.555Z,4.302599999999984,51.00311,,,,u'humidity'| u'soilhumidity'| u'temp'
jqMO3ZYrXEiDj44mvGjx,Test DHT22 Data,Recording Temp and humidity of DHT22,,2016-06-23T11:26:26.849Z,144.96305600000005,-37.81361100000001,,,u'beehive'| u'humidity'| u'temperature'| u'weather',u'humidity'| u'temperature'
xR4Ow0WA1YcW6q01nmmJ,Office temperature,DHT22 plus ESP-12E measuring office temperature,,2016-06-23T11:18:54.333Z,,,,,,u'hidx'| u'hum'| u'temp'
yAzOYxV3p6UZJxw7xDy7,testingserver_instead_azure,esp8266 on nano,,2016-06-23T10:30:41.538Z,,,,,,u'itm_1'| u'itm_2'| u'itm_3'| u'itm_4'| u'ple'| u'spl'
wpqOND3Za2F4jJN8ELa2,Test Weather,DHT22 attached to an ESP-12E,,2016-06-23T07:11:04.077Z,,,,,,u'hidx'| u'hum'| u'temp'
ZGvXY9DpR5S32EaxmK6l,ObstacleSensor,Detects the status of an obstacle - if HIGH - obstacle presentif LOW - obstacle absent,,2016-06-23T06:26:30.827Z,,,,,,u'status'
DJLXZzaZX5f33pL91LYQ,Ping times google.com,Monitor for my internet connection.,,2016-06-23T04:52:13.196Z,,,,,u'charter',u'time_ms'
WGwY0d8b04T3v90V0nx4,dht22,temp,,2016-06-23T03:33:44.198Z,,,,,,u'temp'
wpqOMXv6gJTNl2VXGVN0,teste1,Testando wemos,,2016-06-23T01:23:25.834Z,-49.26478850000001,-16.6868824,,,u'teste1',u'conexao'
v01dJlMGn6TrQg6xQWvM,Wanniassa [Admiral] weather,A weather station in Wanniassa; ACT; Australia,,2016-06-22T22:02:07.480Z,149.0987563,-35.40169059999999,,,u'weather',u'baromin'| u'batt_lvl'| u'dailyrainin'| u'dewptf'| u'humidity'| u'light_lvl'| u'measurementtime'| u'rainin'| u'tempf'| u'winddir'| u'winddir_avg2m'| u'windgustdir'| u'windgustdir_10m'| u'windgustmph'| u'windgustmph_10m'| u'windspdmph_avg2m'| u'windspeedmph'
v0yGLQ9GlvFndwplGzRz,toob_esp_battery_check_2,Check battery voltage; sleep some time n; wake up; repeat,,2016-06-22T19:56:21.642Z,27.995186200000035,-26.1438399,,,u'battery',u'light'
9JRQ9odWZwUrZzQ7Dbqm,SImple,nothing,,2016-06-22T19:54:37.792Z,,,,,,u'print'
2JYQ900n9AIX3w8Q0VRW,Blahblah123,yadayada,,2016-06-22T18:05:57.791Z,,,,,,u'humidity'| u'temp'
n1mjrpDNE9ho5YQ8jgVq,Tommy's Temperatures,Tommy experimenting with a couple of DS18B20 and a Raspberry Pi.,,2016-06-22T17:50:08.335Z,18.068580800000063,59.32932349999999,,,u'temp',u'loc'| u'temp'
mKmZzR42l3ulAoRXxEQE,test esp to web,save gps speed,,2016-06-22T15:04:18.509Z,,,,,,u'la'| u'log'| u'speed'
6JAMRv0G3lC8rzzrlQgK,test gps,data lockger,,2016-06-22T15:00:34.174Z,100.27439559999993,13.5475216,,,u'gps'| u'tracking',u'gps'| u'tracking'
VG80bn51qwtZdVz0KdLy,Smart_dirt_13,Soil-moisture monitoring system:  Watermark sensors (three depths) at each location connected to Diavolino microcontroller boards transmitting data via Xbee radio to central receiver.  Receiver stores data to SD card and uploads to Sparkfun.io via Feather Fona board.,,2016-06-22T13:31:27.234Z,,,,,,u'id'| u'vbat'| u'wm1'| u'wm2'| u'wm3'
yAzO9bwaXbtpnV4nZ32O,light,To determine the status of an obstacle,,2016-06-22T12:17:29.822Z,,,,,,u'light'| u'name'| u'switch'
zDo875MzxzI2G0oyQdNa,Blood Pressure Monitor,A blood pressure monitor hacked to upload it's measurements to the cloud via WiFi.,,2016-06-22T12:04:11.111Z,-47.882165799999996,-15.7942287,,,u'blood_pressure'| u'hacking'| u'wifi',u'diastolic'| u'hr'| u'systolic'| u'timestamp'
MG36awR87rUoGvm7W61z,LightStatus,Status of the position of any obstacle,,2016-06-22T11:48:35.254Z,,,,,,u'light'| u'name'| u'switch'
0l8lzpEx6Ouqolra78WZ,WiFi,WiFi test data,,2016-06-22T11:28:04.773Z,,,,,,u'test'
ro9OdQ0NbnTZ5N6rqDR1,LightStatus,Status of the position of any obstacle,,2016-06-22T10:58:07.242Z,,,,,,u'lightstatus'
JxJM9xGxrDIG800vwEMy,Cloudpotv2,Jasseel ,,2016-06-22T05:25:46.161Z,,,,,,u'hidx'| u'hum'| u'temp'
6JvyyzJOEAsNgKzZX8Jq,Endoscope Cabinet,Endoscope Cabinet Humidity and Temperature ,,2016-06-22T04:42:07.354Z,,,,,u'Endocabinet',u'airpressure'| u'door1'| u'door2'| u'humidity'| u'temperature'| u'valve1'| u'valve2'
2Jj7v3YWWmsYKxA8VgWj,Efftronics - Production Floor,Temperature; Humidity & CO2 Sensor,,2016-06-22T04:40:01.913Z,80.6466226,16.4980423,,,u'co2'| u'effe'| u'humidity'| u'indoor'| u'temperature'| u'weather',u'co2_ppm'| u'humidity_perc'| u'temperature_cent'
lzjo8vD6NJFM3dNNamrA,Couter,Temperature &  Humidity,,2016-06-22T03:07:38.542Z,,,,,,u'couter'
8dpXZnQbbyIE8lOjW8W8,Random Words,Random words from our class,,2016-06-22T01:16:54.503Z,-81.35788589999999,41.1536674,,,u'words',u'language'| u'word'
8dpXZna0YASVZx788dxz,Random words,Random words,,2016-06-22T01:15:13.222Z,-81.35788589999999,41.1536674,,,u'words_random1',u'word'
0lo9YWZ5VNf6ymY75z9X,Hive Monitor,Temperature; Humidity; Weight of Hive,,2016-06-21T19:57:10.618Z,-105.10192749999999,40.1672068,,,u'hive'| u'monitor',u'h_in'| u'h_out'| u'lum'| u't_in'| u't_out'| u'vin'| u'wgt'
xR4lZxyK2VIQJXdOyAzG,local temp,dht22 temp & humidity,,2016-06-21T19:34:53.511Z,32.85974190000002,39.9333635,,,u'temp',u'temp'
pwJDmA36ajSb3vJmoOLY,FSAPPTesting,cyka blyat,,2016-06-21T18:40:50.257Z,105.31875600000001,61.52401,,,u'freestation'| u'freestationapp',u'test'| u'test2'
3JoEOG3Ow1TNNLr2AxKQ,Pizza Oven Temp,An Arduino UNO-based thermocouple system for my pizza oven.,,2016-06-21T17:59:57.204Z,-117.38019859999997,47.42739359999999,,,u'oven'| u'pizza'| u'temp',u'temp'
2JJ5DAL1X7Cz22a8Y4ol,Wireless Temperature Data Logging Test,DS18B20 OneWire temperature sensor on an ESP8266,,2016-06-21T16:02:21.220Z,-79.38318429999998,43.653226,,,u'ds18b20'| u'esp8266'| u'temp'| u'test',u'SensorID'| u'TempC'
jqMwJAm00WCGy2z3z1Y8,test,test,,2016-06-21T14:45:37.515Z,,,,,,u'tempf'| u'timestamp'| u'windspeedmph'
QGqoAd1yzGSO1gOMMKGK,TT and HE of Kunshan PXY ,PXY TT and HE of Kunshan,,2016-06-21T13:18:50.206Z,,,,,u'ht'| u'tt',u'ht'| u'tt'
XGwJ14AM9LUa1zRvlNXb,1110 Canterbury Drive Weather V,SparkFun Atmospheric Sensor Breakout - BME280. Barometric pressure; humidity; and temperature data. Location: 1110 Canterbury Drive; Fairbanks; AK; United States.,,2016-06-21T11:47:24.186Z,-147.95210729999997,64.8257679,,,u'fairbanks'| u'photon'| u'weather',u'humidityrh'| u'pressuremb'| u'temperaturef'
9JRM8WX8l6t1qX7Ep4GO,roomtemperaturelm35,roomtemperaturelm35,,2016-06-21T06:18:22.734Z,107.61912280000001,-6.917463899999999,,,u'temp',u'temp'
XGYGlNKrVgTy0lL8pAz6,Temperature And Humidity,Arduino to RasPi Temperature and Humidity via NRF24,,2016-06-21T01:06:20.708Z,-99.13320799999997,19.4326077,,,u'arduino'| u'humidity'| u'nrf24'| u'raspberrypi'| u'temperature',u'humidity'| u'temperature'
dZ5G990J3otZob51w3b9,Barstow Wimp Station,A Wimp Weather Station in Barstow; Ca.,,2016-06-20T23:32:24.464Z,-117.01728259999999,34.8957957,,,u'barstow'| u'weather'| u'wimp',u'baromin'| u'batt_lvl'| u'dewptf'| u'humidity'| u'light_lvl'| u'measurementtime'| u'tempf'| u'timestamp'
o85Z9rJZJzF1GLo6lDg6,Library_Stats,Engineering Library Statistics,,2016-06-20T22:42:08.377Z,-77.29797819999999,38.9457197,,,,u'last_in'| u'last_out'| u'most_read'| u'num_in'| u'num_out'
OGEGxv7A4RSyzxbJKOMq,test,testing,,2016-06-20T20:21:54.431Z,,,,,,u'humidity'| u'temp'
6JblQ5rNvatOMDmQzN0Q,Phant Test,Some testing,,2016-06-20T19:37:17.407Z,,,,,,u'current'| u'lux'| u'vin'
2JYN32wzY3ILL2Lw43l6,IOP Data,Data for Test,,2016-06-20T16:28:52.174Z,,,,,u'test',u'test'| u'vr'
DJMoa602bRCxV817y7nA,Temperature Lannes,Temperature SAM,,2016-06-20T15:32:18.147Z,2.3522219000000177,48.85661400000001,,,u'temperature',u'humidite'| u'pression'| u'temperature'
VG1n1bXG72tRj61OxO3v,soilM,Soilmoisture in melon H1,,2016-07-05T11:59:48.309Z,100.65337060000002,14.7995081,,,u'senserhumidity'| u'sensersoilm'| u'sensertemp',u'humidity'| u'soilm'| u'temp'
n1Ey4VJp0yi6V8onKzbQ,PM 2.5 Wombat_ninja,PM 2.5,,2016-06-20T12:09:21.156Z,,,,,,u'pm25'| u'ratiop2'
aGDG3x01qWTKz0YxwM0L,Anush,Hum ; Wed Sensor,,2016-06-20T11:38:26.124Z,,,,,,u'hum'| u'temp'
KJ2K2vy9rLIZvNOrOl7a,Housing Test,Testing,,2016-06-20T10:47:44.276Z,80.6480153,16.5061743,,,u'test',u'rel_humidity_rh'| u'temperature_c'| u'voc_ppm'
xR4REO6W3Au6YlLQEX5O,Stretch Test,A test for Stretch,,2016-06-20T08:06:02.911Z,,,,,,u'chimpmeter'| u'height'| u'width'
KJ2JVdb7ZvIpNOLWpA6V,Chennai Ambient temp,Ambient temp vs Solar Temp,,2016-06-20T05:52:25.117Z,,,,,u'ambient'| u'solar',u'ambient'| u'solar'
XGYRMzOd8Yt5LQQQbRqG, humiture Sensor,catch the data of temperature ;humidity and PM2.5 and commit them.,,2016-06-20T05:22:58.379Z,,,,,u'humidity'| u'pm25'| u'temperature',u'humidity'| u'pm25'| u'temperature'
v0x19gwdXQsz8XrRNA2g,WMSI Test Button,Testing raspberry pi program to monitor the state of a button,,2016-06-20T01:37:27.842Z,-71.6875364,44.2803843,,,u'wmsi',u'button_state'| u'name'| u'time'
LQ9Q5qE69lH5JWaQm49y,MyFonaMEgaTest,MEga FONA adafruit,,2016-06-20T00:14:57.311Z,-89.59258569999997,20.9673702,,,u'fona'| u'mega',u'caida'| u'date'| u'imei'| u'latitude'| u'longitude'| u'steps'| u'time'
xR3QJ40ab1HMvVql8GD3,Living Room Temp,Living Room Temp & Humidity,,2016-06-19T21:50:39.126Z,,,,,,u'humidity'| u'temp'
n1rGJ16daRCAGRGy8lEm,WeShare TO001,WE-Share Crowd Source Platform for weather Data Collection,,2016-06-19T21:35:02.030Z,7.686864000000014,45.0703393,,,,u'h'| u'l'| u's'| u't'| u'w'
EJOoQQ02XRubV89wADY7,Fonatestvdeleon,dcsjsldjdskljfsfdlkjdklsjfdl,,2016-06-19T21:15:32.333Z,-89.59258569999997,20.9673702,,,u'fona',u'date'| u'latitude'| u'longitud'| u'time'
bGDmmVvG0EiYZKz6ElKz,PRP,Porter Ranch,,2016-06-19T21:04:00.275Z,-118.5506158,34.2822134,,,u'porter'| u'ranch',u'lp'
5JXlm62obLhOOLaE82DV,TempDHT22,A DHT22 sensor.,,2016-06-19T20:06:40.101Z,11.974559999999997,57.70887,,,u'temp',u'humidity'| u'temp'
xRxVgz0X0Ws9VRxD1jgJ,NodeMCU_Test,NodeMCU running TMP36 and LDR driven off two digital pins into one analog...,,2016-06-19T17:35:06.116Z,-73.56725599999999,45.5016889,,,,u'temp'
aGDRnr43nJSpn18MNLNW,test esp 8266 think dev,deneme amacli data okuma,,2016-06-19T16:12:19.716Z,28.97835889999999,41.0082376,,,u'tst',u'analog'| u'digital'| u'id'| u'time'
JxJMEXqVJ3FynapV6800,myRIO,A temperature sensor connected to a NI myRIO in Austin; TX,,2016-06-19T16:03:51.444Z,-97.74306079999997,30.267153,,,u'temp',u'temperature'
v0yGWmynzqI3YLj4Kg2j,toob_esp_battery_check,Check battery voltage; sleep some time n; wake up; repeat,,2016-06-19T15:16:16.277Z,27.995186200000035,-26.1438399,,,u'battery',u'esp_bat'
EJOMx1wRxjUb59W9lrX1,TechShopTempLogger,Test,,2016-06-19T14:38:27.148Z,,,,,,u'temp'
dZL68Y3J9RIYr3306DXQ,sal_ts_test,test,,2016-06-19T14:37:41.503Z,,,,,,u'temp'
5JXlrLj19mUz2QMpJ3V4,Suraj_Test,Suraj_Test,,2016-06-19T12:37:17.187Z,,,,,,u'f1'| u'f10'| u'f2'| u'f3'| u'f4'| u'f5'| u'f6'| u'f7'| u'f8'| u'f9'
ro9G1raxVEi0ObXqL9xo,TMJ Weather,humidity and temperature,,2016-06-19T12:35:39.936Z,,,,,u'tmj'| u'weather',u'humidity'| u'temp'
VG1mDVzb9Gt63K2dE0ER,Test,temp sensor,,2016-06-19T11:41:40.003Z,,,,,,u'temp'
JxJMDzYb3rINqzq5Wb1d,PM_Particles,Collecting PM particle data.,,2016-06-19T11:32:08.839Z,,,,,u'particles'| u'pm',u'particles'| u'timestamp'
o87xwZW1G2ijGWMYvvMK,deneme,deneme,,2016-06-19T10:30:07.914Z,,,,,,u'temp'
9JR663doYlHK2dNYb9O0,Find my Location,i am using FONA808 TO send my location ; time and data as first step in my project ,,2016-06-19T09:42:57.225Z,30.802498000000014,26.820553,,,u'date'| u'lat'| u'long'| u'time',u'date'| u'latitude'| u'longitude'| u'time'
v0yGRwj2xqIjQjL8gy55,lightbreath,light breath,,2016-06-19T06:43:03.755Z,116.40739499999995,39.904211,,,u'light',u'analog'| u'digital'| u'id'| u'time'
ZGxoYMq9zAC1bGzaVmmp,Torrey Pines Elementary School Red Box 2,Torrey Pines Elementary School Red Box 1 Red box 1 is a moveable waterproof box containing a Photon that is attached to a soil moisture sensor; a soil temperature sensor and an SI1145 UV; infrared; and visible light sensor. The box uses a LiPo battery and the SparkFun battery shield and has a waterproof USB connector for charging the battery as well as a waterproof on/off button.,,2016-06-19T06:41:30.848Z,-117.2712717,32.8328112,,,u'soil_moisture'| u'soil_temperature'| u'uv_index',u'batterypercent'| u'infraredvalue'| u'soilmoistpercent'| u'soilmoistvalue'| u'stempc'| u'stempf'| u'uvindex'| u'visiblevalue'
jqL3LGmn0yuEapjrAnmv,Fridge Monitor,Two DS18B20 sensors in my fridge and freezer in the garage on a raspberry pi.  Also; a 40W bulb in the form of a heater to heat the fridge if necessary during the winter.  The bulb is controlled via Insteon and an ISY994i using it's REST interface.,,2016-06-19T06:35:12.215Z,-93.15161239999998,45.14857709999999,,,,u'freezer'| u'fridge'| u'percent_heat'
9J0WQMlvzQt1MDjQ0jV6,AC Line Frequency Monitor,High resolution frequency measurement of AC power line,,2016-06-19T04:39:22.534Z,,,,,,u'frequency'
KJQzzoNOGZUnOdvyEpJK,Raspberry Pi Internal Temperature,The internal temperature of a Raspberry Pi running a node.js application. http://pi.midnightcheese.com:4040,,2016-06-19T03:20:03.775Z,-86.39026999999999,35.8456213,,,u'node'| u'pi'| u'raspberrypi'| u'temperature',u'date'| u'temperature'
NJ6MADVbawFv1RnnvrYA,WeShare TO-001,WE-Share Crowd Source Platform for weather Data Collection,,2016-06-18T23:49:45.099Z,7.686864000000014,45.0703393,,,u'humidity'| u'temp'| u'wind',u'humidity'| u'lightlvl'| u'rainin'| u'tempf'| u'windir'| u'windspdmph'
G2mMz0ALdmipg0rql21K,as,sa,,2016-06-18T23:48:54.215Z,,,,,,u'a'| u'b'| u'c'| u'd'| u'e'| u'f'
5JXl098mp2Uz49rO0M7w,abc,asd,,2016-06-18T23:38:42.244Z,,,,,,u'a'| u'b'| u'c'
wpq3yN3OZvfm4Jq14zqd,Cern test,sq,,2016-06-18T23:36:13.630Z,,,,,u'testing',u'light'| u'name'| u'switch'
bGN45ndXbafp8QrdO21R,Controllo luce e temperatura ,Prova per il controllo del livello di luce e temperatura,,2016-06-18T20:27:03.515Z,12.496365500000024,41.90278349999999,,,u'light'| u'roma'| u'sensor'| u'temperature',u'luce'| u'temperatura'
9JRwED21E5fL5Lq9NDmq,JaBza,Testing srevices,,2016-06-18T16:25:44.479Z,25.52073580000001,-33.7139247,,,,u'temp'
DJWX0AyodyTbJAyOWA8o,Bee Hive Monitor,Monitor Temp; Humidity; Weight; Volume,,2016-06-18T15:30:01.107Z,-116.5765035,53.9332706,,,u'arpiary'| u'beehive'| u'monitor',u'humidity'| u'temp'| u'volume'| u'weight'
aGnlaQZNJjHmwV8LN1mg,Ceramic Object Reader,A simple stream which contains the IDs of ceramic objects recognised by rfid - powered by arduino,,2016-06-18T13:32:21.013Z,,,,,,u'placeholder1'| u'placeholder2'| u'placeholder3'
RMw20ROl2qInwvMWyoxj,jwifi_01,Test of WiFi,,2016-06-18T13:25:23.511Z,5.387826600000039,52.1561113,,,u'wifi',u'my_id'| u'my_status'| u'my_tmp'| u'my_val'
AJbAj8pKvXFoaLXwNo35,KS_Humidor_2,Home built cigar humidor,,2016-06-18T10:30:05.117Z,-72.6437022,41.8525984,,,u'cigar'| u'humidor',u'humidity1'| u'humidity2'| u'temperature1'| u'temperature2'
q52D79KORbUMxVo54j31,Dynamic Strain 01,INA125P,,2016-06-18T09:11:37.722Z,,,,,u'maxmin'| u'strain',u'strain'
g6a1GDJ4N7faRWv6Rrbd,Smart I IOT,Humidity Test,,2016-06-18T09:09:50.321Z,78.96288000000004,20.593684,,,u'nist'| u'weather',u'humidity'| u'temprature'
o8r7166MQaSwVOOJ2Kjw,envsensor2-pi2,DHT11 temp/humidity sensor.,,2016-06-18T07:32:28.775Z,-122.3320708,47.6062095,,,,u'humidity'| u'temp'
2Jx69KvdnbFD6J9odQnD,PhD Thesis Word Count,A word count of my PhD thesis.,,2016-06-17T22:53:07.265Z,26.102538399999958,44.4267674,,,u'count'| u'phd'| u'word',u'words'
g6a1zlr7gKTE644A9Kxv,estacao_gva,Testes com sensores de temperatura e umidade.,,2016-06-17T21:28:31.289Z,-51.46280969999998,-25.3907214,,,u'dht22'| u'esp8266'| u'temepratura'| u'umidade',u'temp'| u'umidade'
0logYNAyKYCLW6d9qGqd,Coin Game,nanos coin homework,,2016-06-17T19:56:38.243Z,,,,,u'nanos',u'dimes'| u'name'| u'nickles'| u'pennies'| u'quarters'| u'total'
XG0ErAA8jYuVbNNZQmRp,DHT22,DHT22 + ESP8266/NodeMCU,,2016-06-17T19:48:58.021Z,37.6173,55.755826,,,,u'humidity'| u'temp'
RM4YdwGZgMIGVEwJKmQO,tester,this is a test for demonstration purpose,,2016-06-17T17:18:18.154Z,,,,,,u'temp'
8dp8A9L9G7Svxp964Jl6,Tomek,Tomek,,2016-06-17T17:02:38.342Z,,,,,,u'pole'
lzx50MWDlJUJwpGK5ayl,Poolheater ( sn. PETPH00001 ),20 kW piek sun poolheater build with PET bottles.Flow/Pump controller build with a Particle Photon and relay.Autonomous via 5V solar cells and Li/ion battery (+ separate charge controller)Real time mobile monitoring via Blynk,,2016-06-17T15:26:51.669Z,3.994066299999986,51.10234130000001,,,u'boiler'| u'collector'| u'controller'| u'flow'| u'heater'| u'meter'| u'photon'| u'pool'| u'power'| u'pump'| u'solar'| u'sun'| u'temperature'| u'water'| u'weather',u'pumpon'| u'tempair'| u'tempcontroller'| u'tempin'| u'tempout'| u'tension'
QGyLQKYb71F2Q1qMqQER,SKTemp,Record temperature of a room consecutively,,2016-06-17T15:15:42.101Z,77.59456269999998,12.9715987,,,u'temp',u'temperature'
dZgDLLb1REcN1D351Y6a,home,2 relays controllable,,2016-06-17T14:06:48.372Z,,,,,,u'message'| u'relay1'| u'relay2'
VG1M6Y1DG6u4RbVXK3oJ,CJ Ceramic Project,Sending object and tag #s to a data stream via an RFID Eval 13.56 MHz shield + tags and a Sparkfun ESP8266 Thing...,,2016-06-17T13:59:26.188Z,-2.2426305000000184,53.4807593,,,u'rfid',u'oject'| u'tag'
RM4Y53Yp6ltb1jYlWY9x,Detekt,8266 smoke detector,,2016-06-17T12:14:50.752Z,18.69551439999998,45.5549624,,,u'detector'| u'fire'| u'smoke',u'fire'| u'temperature'
6JvGqJL6L4sqV41MG6Gq,ESP Tracking ,ESP Tracking test,,2016-06-17T09:11:19.768Z,28.97835889999999,41.0082376,,,,u'espid'| u'rssi'| u'ssid'| u'timestamp'| u'uzaklik_metre'
6JblzJZDN5iENDg9Zp9r,Motorola,Motorola,,2016-06-17T05:15:36.439Z,,,,,,u'messages'| u'moto'
QGqY5MR44aUMDJ5WDOdX,Motorola,Mobile logs,,2016-06-17T05:00:51.041Z,,,,,,u'id'| u'messages'
ro9Xdn0M9ptgKyRxEXQj,myTestData,Three Items of Test Data (data1; data2; data3),,2016-06-17T03:26:53.606Z,-123.36564440000001,48.4284207,,,u'data'| u'test',u'data1'| u'data2'| u'data3'
AJa736oM3rIroz4dA0O4,Badger_Station_Lightning_Sensor,Badger_Station_Lightning_Sensor,,2016-06-17T02:14:00.409Z,-77.4105409,39.41426879999999,,,,u'distance'| u'strikes_all_time'| u'strikes_today'| u'temp'| u'uptime_minutes'
JxJ711GpVXTyXm4MWVVb,AP002,AP002 Temperature Sensor,,2016-06-17T01:07:04.934Z,-77.41082010000002,39.6237094,,,,u'humidity'| u'temp'| u'ut'
WGwznb0ddJHY8nO3l74q,AP001,gas sensor,,2016-06-17T01:05:31.314Z,-77.41082010000002,39.6237094,,,,u'benzol'| u'co'| u'co2'| u'hcho'| u'humidity'| u'nh4'| u'temp'| u'toulene'| u'ut'
1nwMyll7Z5S4AmQYV5W2,UT_OBS,DHT22 x2,,2016-06-16T22:27:42.830Z,18.643501000000015,60.12816100000001,,,u'hum'| u'temp',u'h1'| u'h2'| u't1'| u't2'
6JvVr5yvJLTaYxYA06lj,heatcraft temp/humidity,test run of cellular shield,,2016-06-16T18:26:08.696Z,,,,,u'heatcraft'| u'humidity'| u'temperature',u'humidity'| u'temperature'
rozRgbj1Y0hznYEgNvbr,Photon Weather Test,test,,2016-06-16T16:59:50.380Z,,,,,,u'barotemp'| u'hectopascals'| u'humidity'| u'tempf'
1nwbn4Ad6MTzLWg7bZM0,Kopaida Weather,Davis Weather Data,,2016-06-16T12:34:49.666Z,22.99615330000006,38.4502333,,,,u'humidity'| u'temp'
9JRpAwQ7dgs8xRM2Lo76,iesgasparsanztemp,A temperature sensor located in the Workshop of the IES Gaspar Sanz in Meco Spain,,2016-06-16T10:55:01.418Z,-3.326300299999957,40.5539468,,,u'arduino'| u'gaspar'| u'sanz'| u'temperature',u'temp'
zDEEly2RydUzgGyo04EL,LINKIT ONE_GPS TRACK,LINKIT ONE_GPS TRACKhumiditytemp,,2016-06-16T10:50:39.145Z,100.99254100000007,15.870032,,,u'count'| u'humidity'| u'lat'| u'long'| u'satellites'| u'temp'| u'volt'| u'volt_charging',u'count'| u'humidity'| u'lat'| u'long'| u'satellites'| u'temp'| u'volt'| u'volt_charging'
7J0n8m441OCb8OqbMyE7,ILS,Level,,2016-06-16T03:37:10.812Z,151.20697759999996,-33.8674769,,,,u'level'
AJlE2K0ZKoT32jrdp5KK,REHM WIFI MONITOR/SECURITY SYSTEM,WIFI TEMP; HUMIDITY; SMOKE/WATER/NOISE/MOTION DETECTION.,,2016-06-15T20:59:37.713Z,-84.01991079999999,33.857328,,,u'monitor'| u'rehm'| u'security'| u'wifi',u'humidity'| u'noise'| u'pir'| u'smoke'| u'temperature'| u'water'
2JY0x3KER4Umo7o60l70,MJ-light-value,A light value,,2016-06-15T18:28:22.269Z,,,,,u'level'| u'light',u'lightlevel'
aGD9lGGgnmT3aGzz43gM,Temperatuur Woonkamer,Temp,,2016-06-15T18:23:54.703Z,,,,,,u'temp_woonkamer'
q52vy5G2gAIArzmrW9NY,FarSideLog,What you need; when you need it.,,2016-06-15T17:52:49.517Z,,,,,,u'event'
NJ3rbOLV3Ghz6KjrLQ16,LOT weight room temp and motion,DHT temp and humidity sensor and PIR motion sensor ,,2016-06-15T14:27:14.740Z,-87.62979819999998,41.8781136,,,,u'humidity'| u'motion'| u'temp'
yAxX49OdKMSKynLnRAXL,Jing Home Solar Voltage,solar voltage monitor,,2016-06-15T13:36:00.098Z,-5.930119999999988,54.59728500000001,,,,u'voltage'
o87YYd6VAmiWXayqp1vl,Count,A stream to count numbers,,2016-06-15T10:16:26.868Z,,,,,,u'value'
n1EQXJJb6mUzDLV52dN5,Range Sensor Testing,Testing of ultrasonic range sensor,,2016-06-15T07:32:43.845Z,-121.8887269,47.5673237,,,u'testing'| u'ultrasonic',u'range'| u'source'
JxJRdojNKjUp72N2lYjL,info_wifi,take users ssid and password,,2016-06-15T06:51:31.562Z,,,,,,u'password'| u'ssid'
g6aD5EDDx5sME2wN2Zag,KentDS01,KentDS01 Example Streamlocation = nametemperature = degrees Cwindspeed = MPH,,2016-07-06T00:54:49.184Z,-81.35788589999999,41.1536674,,,u'kentds01',u'location'| u'temp'| u'windspeed'
XGLLo4Y6lgID1NaWVbOx,Chicken Coop Temp,Temperature of chicken coop in WI,,2016-06-30T21:15:03.207Z,-89.86206820000001,42.8102794,,,,u'temp'
jqMrzQWpK3FnJ3dEAKG4,Nova Bela Temp & Humidity,Nova Bela Temp & Humidity,,2016-06-30T20:42:34.374Z,18.262524299999995,49.8209226,,,u'humidity'| u'temperature',u'humidity'| u'temperature'
LQ9K4vMomQfWV7EdXDxg,data,lol,,2016-06-30T20:36:57.935Z,4.351721099999963,50.8503463,,,,u'hum'| u'temp'
o8oM9qza04H192661KKq,Temperature Example,Temperature Example at Mangalore; Karnataka; India,,2016-07-12T11:40:20.643Z,74.85595680000006,12.9141417,,,u'mangalore'| u'temp',u'temp'
4Jvo1G5WLpU4R4g6N1ZD,userdb,User Database,,2016-06-30T16:59:36.997Z,23.623635299999933,46.7712101,,,u'user',u'email'| u'password'| u'username'
jqMVnlKv1biy7p8zaX1K,AAC,AAC Testing,,2016-07-07T09:48:04.371Z,80.6480153,16.5061743,,,u'data'| u'length'| u'time_stamp',u'data'| u'length'| u'time_stamp'
DJXNln37LMt5GY2bljJp,Interesting Conditions,Luminosity; Temperature; Humidity; and Barometric Pressure,,2016-06-30T12:16:01.068Z,-82.99879420000002,39.9611755,,,u'humidty'| u'luminosity'| u'pressure'| u'temperature',u'humidity'| u'luminosity'| u'pressure'| u'temperature'
OGEzL0j92ysyEq8MX3qG,#CleanAirDrones Pollution meter,Drone project that you can use to see the pollution,,2016-06-30T11:46:41.397Z,21.42799560000003,41.9973462,,,u'air'| u'clean'| u'drones'| u'pollution',u'altitude'| u'latitude'| u'longitude'| u'pm10'| u'pm25'
7J0x2aLE09IbQK0ZAO4V,JS2016 DHT22 Sensor,Sensor readings from a DHT22 attached to an ESP8266 hosting a web server,,2016-06-30T10:25:05.948Z,115.86045719999993,-31.9505269,,,u'dht22'| u'esp8266'| u'weather',u'hi'| u'hum'| u'temp'
v0yon3o8J4SlXvD5aqb7,Residencia.,controle de temperatura e umidade,,2016-06-30T09:30:43.064Z,-47.333568799999966,-22.7378463,,,u'metereologia',u'temp'| u'umi'
NJ64rQAJ22tG9ryKrG38,weather,sen,,2016-06-30T06:56:43.982Z,,,,,,u'temp'
ro93Q82oNlh21V8MmYyQ,testing,just a test,,2016-07-05T12:55:44.936Z,23.623635299999933,46.7712101,,,u'test',u'lat'| u'lon'
lzj5XZ9nZ3iwjEM8bgrA,SsGarageTemp,TEmp and Light sensor in garage,,2016-07-11T05:37:50.170Z,,,,,,u'light'| u'temperature'| u'time'
dZgDWRJNKjfKDr1pbdA7,Parameter Monitering,Humi;temp;smoke;lux,,2016-06-30T03:29:35.698Z,,,,,u'parameters',u'humidit'| u'light_intensity'| u'smoke'| u'temperature'
8dZLR85DGyToLY3d36LX,Dryer,humidity and temp above my dryer,,2016-06-30T03:01:07.168Z,-94.68589980000002,46.729553,,,u'humidity'| u'temperature',u'humidity'| u'tempc'
o8rZm2N4rqu69w7pmGy0,Lab3,Create sensor networks,,2016-06-30T02:02:33.785Z,149.12868430000003,-35.28199979999999,,,,u'luminosity'| u'temp'
4JYXLJp8rmTmoxqjNvm4,Sous Vide,Sous Vide PID temperature controller,,2016-07-13T00:35:47.142Z,,,,,,u'd'| u'heaterstate'| u'i'| u'p'| u'settemperature'| u'temperature'
wpbq2p0N1rig8WJZRWpO,SparkFun Beehive,Beehive weight; temperature; and humidity at SparkFun HQ.,,2016-07-19T13:24:56.342Z,,,,,u'bees'| u'humidity'| u'temperature'| u'weight',u'battv'| u'humidity'| u'measurementtime'| u'tempf'| u'weightlbs'
1nwZVo2jbohOLJAXD7L3,Waterpool,Monitoring waterpool,,2016-06-29T22:57:21.250Z,107.61912280000001,-6.917463899999999,,,u'graph'| u'temp',u'id'| u'temp1'| u'temp2'| u'temp3'| u'temp4'| u'temp5'| u'temp6'
AJaOErqY14HbnVlzaXEg,OlasTempHum,Temp och Humidity,,2016-06-29T22:01:41.723Z,18.643501000000015,60.12816100000001,,,u'hum'| u'temp'| u'weather',u'hum'| u'temp'
g6ndA66XwasDXn7zRbDV,Refrigerator temperature,Refrigerator temperature,,2016-06-29T19:37:25.762Z,9.655514700000026,59.1385567,,,u'refrigerator'| u'temp',u'temp'
mKm7vGMj3rsDq9lAyEzL,Cuarto_Servidor,DHT Sensor,,2016-06-29T17:18:17.160Z,,,,,,u'humidity'| u'temperature'
WGwxYx47WYIyMrp0oA9X,Upgraded Scoreboard,A Nano Hacker Asignment,,2016-06-29T16:45:54.795Z,,,,,,u'name'| u'score'
5JXLlKRDJrS8q7Mz3mAN,Office Temperature,Arduino; DHT22; Ethernetshield,,2016-06-29T15:34:02.894Z,,,,,,u'hidx'| u'humidity'| u'temp'
KJ23n4vL53hW5bQXXrG5,Vending Transactions,Vending Machine Transactions,,2016-06-29T13:12:57.551Z,77.40080009999997,28.5318691,,,u'amity'| u'vending',u'amount'| u'machine_code'| u'product_code'| u'quantity'| u'transaction_time'| u'username'
VG8zWgNg8MhR3QVL0N9O,Bee,fona gps tracker,,2016-06-29T13:01:00.510Z,,,,,,u'date'| u'time'
9JN3JagnELSWrOQvXVN0,State of Charge,State of charge data from various Particle.io Photon Projects.https://github.com/tsayles/Photon-I2C-RangeFinderhttps://github.com/tsayles/Photon-OneWire-TempChain,,2016-07-07T01:30:47.430Z,-121.8887269,47.5673237,,,u'charge_monitoring'| u'particleio'| u'photon'| u'testing',u'soc'| u'source'
YGp1KJ137aCWaDjv8GA8,OneWire Temperatures,Temperatures read and published from a chain of OneWire Temperature Sensors.,,2016-07-07T01:18:23.331Z,-121.8887269,47.5673237,,,u'onewire'| u'particleio'| u'photon'| u'testing',u'addrrom'| u'rawtemp'| u'source'
lzjxAX96KvuMZp0A2yGg,nata,lab iot,,2016-06-29T10:23:46.822Z,100.98467170000004,13.3611431,,,,u'analog'| u'humval'| u'tempval'
wpqvxY62p1iNagjlYnmZ,My Weather Station-CP,temperature ,,2016-06-29T10:16:29.751Z,78.96288000000004,20.593684,,,u'weather',u'temp'
v0yE82X6qmFQD4lwlZvp,Bus + Mobile,GPS Tracker on Bus,,2016-06-29T09:34:15.788Z,77.18987049999998,28.544788,,,u'bus_iitd',u'latitude'| u'longitude'
LQ9Ld5ZgX8iXyE349KDw,JohnJune,Hello world.,,2016-06-29T09:22:15.052Z,100.98467170000004,13.3611431,,,,u'analogval'| u'humval'| u'tempval'
xR4wzd7pXms9YwN5Jajj,mrtjoker,for study,,2016-06-29T09:19:22.346Z,100.98467170000004,13.3611431,,,,u'analogval'| u'humval'| u'tempval'
KJ2LdGz0qQtr76zq49Ng,UkTech,for starding,,2016-06-29T09:18:10.196Z,100.98467170000004,13.3611431,,,,u'analogval'| u'humval'| u'temval'
lzjxAXbYnquqdoYW0JAa,Thanawat,for learning,,2016-06-29T09:16:04.331Z,100.98467170000004,13.3611431,,,,u'analogval'| u'humvsl'| u'tempval'
RM4LErvdjYSn718rvMzl,Study T.max,for Study,,2016-06-29T09:12:28.982Z,100.98467170000004,13.3611431,,,,u'analogval'| u'humval'| u'tempval'
jqMxAD2g9Vi4Lj0YAKvW,Nostenwayz01,TestCould ,,2016-06-29T09:12:17.716Z,100.98467170000004,13.3611431,,,,u'analogval'| u'humval'| u'tempval'
8dpLwG0192cyAaW93bYq,AofTec,iot_test01,,2016-06-29T09:12:17.509Z,100.98467170000004,13.3611431,,,,u'analogval'| u'humval'| u'tempval'
KJ2LdgaJL1ir76zq49Ny,MicroLab,for leaning,,2016-06-29T09:12:15.346Z,,,,,,u'analogval'| u'humval'| u'tempval'
bGNxZqMldnizyR74dlJJ,MaxTeach,for teaching,,2016-06-29T09:11:26.709Z,100.98467170000004,13.3611431,,,,u'analogval'| u'humval'| u'tempval'
RM4LEaNMxdcwLb1XGDzA,TopTeach,testing,,2016-06-29T09:11:08.457Z,100.98467170000004,13.3611431,,,,u'analogval'| u'humval'| u'tempval'
g6aD5EDDx5sME2wN2Zag,KentDS01,KentDS01 Example Streamlocation = nametemperature = degrees Cwindspeed = MPH,,2016-07-06T00:54:49.184Z,-81.35788589999999,41.1536674,,,u'kentds01',u'location'| u'temp'| u'windspeed'
XGLLo4Y6lgID1NaWVbOx,Chicken Coop Temp,Temperature of chicken coop in WI,,2016-06-30T21:15:03.207Z,-89.86206820000001,42.8102794,,,,u'temp'
jqMrzQWpK3FnJ3dEAKG4,Nova Bela Temp & Humidity,Nova Bela Temp & Humidity,,2016-06-30T20:42:34.374Z,18.262524299999995,49.8209226,,,u'humidity'| u'temperature',u'humidity'| u'temperature'
LQ9K4vMomQfWV7EdXDxg,data,lol,,2016-06-30T20:36:57.935Z,4.351721099999963,50.8503463,,,,u'hum'| u'temp'
o8oM9qza04H192661KKq,Temperature Example,Temperature Example at Mangalore; Karnataka; India,,2016-07-12T11:40:20.643Z,74.85595680000006,12.9141417,,,u'mangalore'| u'temp',u'temp'
4Jvo1G5WLpU4R4g6N1ZD,userdb,User Database,,2016-06-30T16:59:36.997Z,23.623635299999933,46.7712101,,,u'user',u'email'| u'password'| u'username'
jqMVnlKv1biy7p8zaX1K,AAC,AAC Testing,,2016-07-07T09:48:04.371Z,80.6480153,16.5061743,,,u'data'| u'length'| u'time_stamp',u'data'| u'length'| u'time_stamp'
DJXNln37LMt5GY2bljJp,Interesting Conditions,Luminosity; Temperature; Humidity; and Barometric Pressure,,2016-06-30T12:16:01.068Z,-82.99879420000002,39.9611755,,,u'humidty'| u'luminosity'| u'pressure'| u'temperature',u'humidity'| u'luminosity'| u'pressure'| u'temperature'
OGEzL0j92ysyEq8MX3qG,#CleanAirDrones Pollution meter,Drone project that you can use to see the pollution,,2016-06-30T11:46:41.397Z,21.42799560000003,41.9973462,,,u'air'| u'clean'| u'drones'| u'pollution',u'altitude'| u'latitude'| u'longitude'| u'pm10'| u'pm25'
7J0x2aLE09IbQK0ZAO4V,JS2016 DHT22 Sensor,Sensor readings from a DHT22 attached to an ESP8266 hosting a web server,,2016-06-30T10:25:05.948Z,115.86045719999993,-31.9505269,,,u'dht22'| u'esp8266'| u'weather',u'hi'| u'hum'| u'temp'
v0yon3o8J4SlXvD5aqb7,Residencia.,controle de temperatura e umidade,,2016-06-30T09:30:43.064Z,-47.333568799999966,-22.7378463,,,u'metereologia',u'temp'| u'umi'
g6aD5EDDx5sME2wN2Zag,KentDS01,KentDS01 Example Streamlocation = nametemperature = degrees Cwindspeed = MPH,,2016-07-06T00:54:49.184Z,-81.35788589999999,41.1536674,,,u'kentds01',u'location'| u'temp'| u'windspeed'
XGLLo4Y6lgID1NaWVbOx,Chicken Coop Temp,Temperature of chicken coop in WI,,2016-06-30T21:15:03.207Z,-89.86206820000001,42.8102794,,,,u'temp'
dZgLRmwYKWUM51wAO5n2,Phoenix  AZ USA 60 Hz line frequency monitor,High resolution line frequency measurement,,2016-07-19T13:37:05.734Z,-112.07403729999999,33.4483771,,,,u'frequency'
AJj1DO90zbCNWJKqQJRV,GarageTempBug,MJG temp bug,,2016-07-19T13:37:05.645Z,-121.99698080000002,37.3019909,,,u'signal'| u'temp',u'signal'| u'temp'
NJ3M0q3GoatKm0G7qlxQ,RN6LJK,Monitoring Office supply,,2016-07-19T13:37:05.401Z,,,,,,u'a_phase_current'| u'a_phase_voltage'| u'b_phase_current'| u'b_phase_voltage'| u'c_phase_current'| u'c_phase_voltage'
YG5LEzNZp8i2xbd1dmnb,Zone Temperature,Zone Temerature,,2016-07-19T13:37:05.329Z,,,,,u'temperature'| u'zone',u'zone1'| u'zone2'| u'zone3'
4JrgZRgjyvtmJn2p5Omd,Blueline Server Closet Temp Sensor,Blueline Server Closet Temperature Sensor,,2016-07-19T13:37:05.256Z,,,,,u'blueline',u'temp'
RMwpAlgX72f56N09xNnx,HP_Sensor_AQ_3,temperature; humidity,,2016-07-19T13:37:04.835Z,8.801693699999987,53.07929619999999,,,u'hp_weather',u'local_ip'| u'relative_humidity'| u'temperature_in_celsius'
aGOpMAQlz6ta089ppM9N,Tempbug,An NTC thermistor measuring hot water temp,,2016-07-19T13:37:04.659Z,-2.2426305000000184,53.4807593,,,u'hotwater'| u'thermistor',u'temp'
3JjggxR1OZIErZX0RXKa,bug1: cottage kitchen temp (15min data),my first tempbug:http://www.instructables.com/id/TempBug-internet-connected-thermometer/?ALLSTEPSlikely to be used to measure indoor temperature at the brevard house,,2016-07-19T13:37:04.574Z,-82.73429190000002,35.2334472,,,,u'temp'
LQEZgLrV0qFAAE75QoaR,Test1,Test1,,2016-07-19T13:37:04.479Z,-84.3879824,33.7489954,,,,u'id'| u'rssi'| u'temp'
4JdARAAOKnCjg6aQNvlw,temp_bug3,my third tempbug: http://www.instructables.com/id/TempBug-internet-connected-thermometer/?ALLSTEPS likely to be used for testing,,2016-07-19T13:37:04.403Z,-84.3879824,33.7489954,,,,u'temp'
5JXNNwX9m1tdgEraJmra,Tarragindi Incrementing Counter,A counter that goes up by 1 every so often,,2016-07-19T13:37:04.153Z,153.04711069999996,-27.5222993,,,u'count',u'count'
OGEKvdL94JHvGJYKo01X,vampire_kangaroo,kitchen sensor,,2016-07-19T13:37:03.794Z,,,,,,u'co'| u'co2'| u'humidity'| u'nh4'| u'temp'| u'ut'
jqybzM73dMT2YMmoV7Oa,Mayflower ice sensor 1,A sensor containing a bme280 and 10k thermistor located in Halifax; Nova Scotia,,2016-07-19T13:37:03.770Z,-63.5753196,44.6488625,,,u'curling'| u'humidity'| u'ice'| u'temperature',u'air_temperature'| u'dew_point'| u'humidity'| u'ice_temperature'
roLAE1JNWRFw2ax9pljo,Serenity Utility Room,This is a photon weathershield at Bethany Beach in my utility room,,2016-07-19T13:37:03.574Z,-75.05518059999997,38.5395564,,,,u'barotemp'| u'hectopascals'| u'humidity'| u'rainin'| u'soilmoisture'| u'soiltempf'| u'tempf'| u'winddir'| u'windspeedmph'
7JORD3qOZlSZ3m48A3o5,gb3wb_test,WB Test,,2016-07-19T13:37:03.566Z,2.3522219000000177,48.85661400000001,,,,u'gb3wb_current'| u'gb3wb_temperature'| u'gb7is_current'| u'gb7is_temperature'| u'gb7it_current'| u'gb7it_temperature'| u'gb7wb_current'| u'gb7wb_temperature'
RMwd6gWmjphaxY4NbVlq,BPTH01,DHT22 temperature and humidity sensor; located Cambridge UK.,,2016-07-19T13:37:03.188Z,0.12181699999996454,52.205337,,,u'bp'| u'cambridge'| u'humdity'| u'temp',u'humidity'| u'temp'
XG0xrYEo4JTOyR808yKX,56R Data,BME280 chip collecting Temp/Barometric pressure.,,2016-07-19T13:37:03.057Z,-80.24816659999999,43.5448048,,,u'temperature',u'address'| u'captured'| u'degrees'| u'hectopascals'| u'humidity'| u'id'| u'istweeted'
ro9GbDLVKRfpyw259ddg,House DHT monitor,House DHT monitor for Lucason,,2016-07-19T13:37:02.966Z,4.302599999999984,51.00311,,,u'house'| u'temp',u'humidity'| u'ip'| u'room'| u'temp'
pwLXN5NV32tLv7Qy2WGE,Garage monitor,Garage temperature; light and door position,,2016-07-19T13:37:02.965Z,25.748151000000007,61.92410999999999,,,u'temperature',u'door'| u'light'| u'temperature'
o85JwjzV4KH1G2nW5m0j,WineTempBug,First TemBug,,2016-07-19T13:37:02.927Z,-121.99698080000002,37.3019909,,,u'electricimp'| u'imp'| u'signal'| u'temperature',u'signal'| u'temp'
MGWZwD9jAyiLdZ0EXDyE,Jimmy,My data,,2016-07-19T13:41:13.204Z,,,,,,u'date'| u'dgas'| u'eat'| u'eav'| u'eoht'| u'eolt'| u'evht'| u'evlt'| u'gas'| u'time'| u'upsince'
4JLwlARWb7hwOn2z9Rlg,Outdoor light; temp; humidity,A TSL2561 and a HTU21D in Longmont,,2016-07-19T13:41:12.646Z,,,,,u'humidity'| u'light'| u'temperature'| u'weather',u'humidity'| u'lux'| u'temperature'
zDXyZwDzaZCD1b2Omq6E,eta-lyrae Temp & Light Sensors,Temperature (TMP36) and photocell (SEN-09088) sensors in Broomfield; CO,,2016-07-19T13:53:37.539Z,-105.0866504,39.92054109999999,,,u'light'| u'sen09088'| u'temp'| u'tmp36',u'light'| u'temperature'| u'time'
bGN4lzOa3GcGnA283168,Wifi Weather,Wifi Weather Utendal,,2016-07-19T13:53:37.528Z,18.643501000000015,60.12816100000001,,,u'esp8266'| u'weather',u'dagg'| u'h1'| u't1'
roYmdNvxyYfM1jjxoA1V,Atomki_radioaktivitas_mero_1,GM cso masodpercenkenti beutes szama.,,2016-07-19T13:53:44.769Z,,,,,,u'beutes_per_sec'| u'time_stamp'
dZgzYOGnx0tGEMAAwAJY,WIMP Weather Station,WIMP Weather Station; built by PCS Engineering 2016; Mission Street Extension; Santa Cruz; CA.,,2016-07-19T13:53:47.578Z,-122.03079630000002,36.97411709999999,,,,u'baromin'| u'batt_lvl'| u'dailyrainin'| u'dewptf'| u'humidity'| u'light_lvl'| u'measurementtime'| u'rainin'| u'tempf'| u'winddir'| u'winddir_avg2m'| u'windgustdir'| u'windgustdir_10m'| u'windgustmph'| u'windgustmph_10m'| u'windspdmph_avg2m'| u'windspeedmph'
RM49MOpz3QtDLQ0mqWNE,beerBot_logging,temp measurement for beer brewing,,2016-07-19T13:54:06.423Z,-71.05888010000001,42.3600825,,,,u'brewmode'| u'currenttemp'| u'recipename'| u'settemp'
5JXNNwX9m1tdgEraJmra,Tarragindi Incrementing Counter,A counter that goes up by 1 every so often,,2016-07-19T13:54:05.674Z,153.04711069999996,-27.5222993,,,u'count',u'count'
dZLN9YlVLaiZpzl6Gl0a,Lampang Thailand . Weather ,A DHT22 humidity and temperature sensor located at My Home Tambon Pichai ; Ampher Muang Lampang Lampang ; Thailand 52000,,2016-07-19T13:53:36.654Z,99.48082169999998,18.2791733,,,u'lampang'| u'weather',u'humidity'| u'temperature'
o872a3N4xWT1o93NXaxG,TDSM_NODEMCU_TEMPHUM,temperature and humidity from an ESP Easy module.,,2016-07-19T13:53:36.650Z,4.4699359999999615,50.503887,,,u'humidity'| u'temperature',u'humidity'| u'temp'
KJED8v83ZQU2dwggYY6Z,Room Temps,Temps in various rooms of our house,,2016-07-19T13:54:30.658Z,-118.78148199999998,34.2694474,,,u'temps',u'room'| u'tempf'| u'time'
xRxR7lRwY6czvJ15vgqL,Knype Weather,Knypersley Weather,,2016-07-19T13:54:34.585Z,-2.176719999999932,53.109331,,,u'weather',u'barotemp'| u'hectopascals'| u'humidity'| u'tempf'
4JEAaqqVNauERwr7jMgX,GK-RadMon Station,Radiation; temperature and humidity sent from the DIY Geiger GK-RadMon,,2016-07-19T13:53:34.005Z,-104.990251,39.7392358,,,u'geiger'| u'radiation',u'charge'| u'cpm'| u'dose'| u'humidity'| u'rssi'| u'temp'
XGN3lddWd3fDoJxrzjXD,Pharr Home Temperature,A DS18B20 temperature sensor driven by an ESP8266 Amica R2 board.,,2016-07-19T13:53:34.001Z,-89.51924839999998,34.3664951,,,u'temperature',u'id'| u'temp'
4JLwlARWb7hwOn2z9Rlg,Outdoor light; temp; humidity,A TSL2561 and a HTU21D in Longmont,,2016-07-19T13:54:54.627Z,,,,,u'humidity'| u'light'| u'temperature'| u'weather',u'humidity'| u'lux'| u'temperature'
4JrgZRgjyvtmJn2p5Omd,Blueline Server Closet Temp Sensor,Blueline Server Closet Temperature Sensor,,2016-07-19T13:54:54.047Z,,,,,u'blueline',u'temp'
QGxRll4341u0019rMbXM,Smart Meter values,Reading out my smart meter values,,2016-07-19T13:54:59.449Z,4.435330199999953,52.24820099999999,,,u'home',u'gas'| u'p1'| u'p2'| u'sw'| u't181'| u't182'| u't281'| u't282'| u'ti'
yAxao6ynLDSz2056d3zX,ESP8266 monitors,ESP8266 monitors streaming temperature information,,2016-07-19T13:54:44.779Z,-122.29130780000003,37.8271784,,,u'dht11'| u'ds18b20'| u'esp8266'| u'temperature',u'id'| u'millis'| u'temp'
MGvanEzE4vsZRlEj1Ygw,IsItColdInHere,SFE weathershield on a raspberry pi,,2016-07-19T13:53:31.665Z,,,,,,u'humidity'| u'lux'| u'pressure'| u'temp1'| u'temp2'
9Jx0zOnRO9T6ml6axK2Y,Tank temperatures,5 Dallas DS18B20 ic's measuring the temperature of my hot water cylinder. Placed equally from top to bottom. 0 at bottom; 4 at top. Heated by gas boiler twice a day and also through solar panels if the weather is good enough!##Testing at the moment##,,2016-07-19T13:55:25.380Z,-2.7030899999999747,53.763201,,,u'tank'| u'temperature'| u'water',u'temp0'| u'temp1'| u'temp2'| u'temp3'| u'temp4'
xRonxvMAwJI4xlazAxga,Pickem Motion Sensor,Motion sensor trial living room,,2016-07-19T13:55:35.373Z,-84.3879824,33.7489954,,,,u'id'| u'motion'| u'time'
dZgzYOGnx0tGEMAAwAJY,WIMP Weather Station,WIMP Weather Station; built by PCS Engineering 2016; Mission Street Extension; Santa Cruz; CA.,,2016-07-19T13:57:36.688Z,-122.03079630000002,36.97411709999999,,,,u'baromin'| u'batt_lvl'| u'dailyrainin'| u'dewptf'| u'humidity'| u'light_lvl'| u'measurementtime'| u'rainin'| u'tempf'| u'winddir'| u'winddir_avg2m'| u'windgustdir'| u'windgustdir_10m'| u'windgustmph'| u'windgustmph_10m'| u'windspdmph_avg2m'| u'windspeedmph'
roYmdNvxyYfM1jjxoA1V,Atomki_radioaktivitas_mero_1,GM cso masodpercenkenti beutes szama.,,2016-07-19T13:57:40.613Z,,,,,,u'beutes_per_sec'| u'time_stamp'
9J0WQMlvzQt1MDjQ0jV6,AC Line Frequency Monitor,High resolution frequency measurement of AC power line,,2016-07-19T13:57:35.810Z,,,,,,u'frequency'
QGxRll4341u0019rMbXM,Smart Meter values,Reading out my smart meter values,,2016-07-19T13:57:40.402Z,4.435330199999953,52.24820099999999,,,u'home',u'gas'| u'p1'| u'p2'| u'sw'| u't181'| u't182'| u't281'| u't282'| u'ti'
9Jx0zOnRO9T6ml6axK2Y,Tank temperatures,5 Dallas DS18B20 ic's measuring the temperature of my hot water cylinder. Placed equally from top to bottom. 0 at bottom; 4 at top. Heated by gas boiler twice a day and also through solar panels if the weather is good enough!##Testing at the moment##,,2016-07-19T13:57:54.518Z,-2.7030899999999747,53.763201,,,u'tank'| u'temperature'| u'water',u'temp0'| u'temp1'| u'temp2'| u'temp3'| u'temp4'
pwq9Lyry4oSWdbdD7nNa,HP_Sensor_AQ_2,temperature; humidity sensor,,2016-07-19T13:57:34.626Z,8.801693699999987,53.07929619999999,,,u'hp_weather',u'local_ip'| u'relative_humidity'| u'temperature_in_celsius'
KJED8v83ZQU2dwggYY6Z,Room Temps,Temps in various rooms of our house,,2016-07-19T13:57:47.950Z,-118.78148199999998,34.2694474,,,u'temps',u'room'| u'tempf'| u'time'
RM49MOpz3QtDLQ0mqWNE,beerBot_logging,temp measurement for beer brewing,,2016-07-19T13:58:04.210Z,-71.05888010000001,42.3600825,,,,u'brewmode'| u'currenttemp'| u'recipename'| u'settemp'
9JravjD45WHV9LJ5174D,MD Sir Home - Vijayawada,Temperature; Humidity;CO2,,2016-07-19T13:57:33.149Z,80.6466226,16.4980423,,,u'co2'| u'effe'| u'humidity'| u'temperature',u'co2_ppm'| u'humidity_perc'| u'temperature_cent'
XG0d62vjyoUDg50nDbD3,Vibration Sensor,Vibration sensor located on a CLEEN ULT Freezer,,2016-07-19T13:58:05.039Z,-74.00594130000002,40.7127837,,,u'freezers'| u'piezo'| u'vibration',u'piezo'
o872a3N4xWT1o93NXaxG,TDSM_NODEMCU_TEMPHUM,temperature and humidity from an ESP Easy module.,,2016-07-19T13:57:32.104Z,4.4699359999999615,50.503887,,,u'humidity'| u'temperature',u'humidity'| u'temp'
lz5nEGvz9LHmlERO8qz6,Kitchen Temp,Dht22 with ESP8266,,2016-07-19T13:57:31.888Z,,,,,,u'hidx'| u'hum'| u'temp'
AJb3q3DNmNHJ4z58YGDo,K&K Weather Station,WIMP K&K Weather Station,,2016-07-19T13:57:31.850Z,20.122390900000028,-33.77494069999999,,,u'weather',u'baromin'| u'batt_lvl'| u'dailyrainin'| u'dewptf'| u'humidity'| u'light_lvl'| u'measurementtime'| u'rainin'| u'tempf'| u'winddir'| u'winddir_avg2m'| u'windgustdir'| u'windgustdir_10m'| u'windgustmph'| u'windgustmph_10m'| u'windspdmph_avg2m'| u'windspeedmph'
xRonxvMAwJI4xlazAxga,Pickem Motion Sensor,Motion sensor trial living room,,2016-07-19T13:58:33.695Z,-84.3879824,33.7489954,,,,u'id'| u'motion'| u'time'
JxDLZ7Gm0dhDo4My381q,Weathershield,Weathershield in Canton; MI,,2016-07-19T13:57:31.152Z,-83.48211600000002,42.3086444,,,,u'baromin'| u'batt_lvl'| u'dailyrainin'| u'dewptf'| u'humidity'| u'light_lvl'| u'measurementtime'| u'rainin'| u'tempf'| u'winddir'| u'winddir_avg2m'| u'windgustdir'| u'windgustdir_10m'| u'windgustmph'| u'windgustmph_10m'| u'windspdmph_avg2m'| u'windspeedmph'
VGQjXyY0jbHmZ27pp9wv,test weather,Testing wimp weather station,,2016-07-19T13:57:31.148Z,-89.40123019999999,43.0730517,,,,u'humidity'| u'tempf'
XGN3lddWd3fDoJxrzjXD,Pharr Home Temperature,A DS18B20 temperature sensor driven by an ESP8266 Amica R2 board.,,2016-07-19T13:57:30.259Z,-89.51924839999998,34.3664951,,,u'temperature',u'id'| u'temp'
dZgLRmwYKWUM51wAO5n2,Phoenix  AZ USA 60 Hz line frequency monitor,High resolution line frequency measurement,,2016-07-19T13:58:48.486Z,-112.07403729999999,33.4483771,,,,u'frequency'
KJylpjWa4MSr3A6rOZ12,United States Western Grid AC Line Frequency Monitor,Monitoring the 60 Hz line frequency at high resolution,,2016-07-19T13:58:45.091Z,-119.41793239999998,36.778261,,,u'frequency',u'frequency'
zDXyZwDzaZCD1b2Omq6E,eta-lyrae Temp & Light Sensors,Temperature (TMP36) and photocell (SEN-09088) sensors in Broomfield; CO,,2016-07-19T13:58:48.720Z,-105.0866504,39.92054109999999,,,u'light'| u'sen09088'| u'temp'| u'tmp36',u'light'| u'temperature'| u'time'
roYmdNvxyYfM1jjxoA1V,Atomki_radioaktivitas_mero_1,GM cso masodpercenkenti beutes szama.,,2016-07-19T14:01:00.749Z,,,,,,u'beutes_per_sec'| u'time_stamp'
9JNaMxA0ANup6gbRRNx6,Air Quality Monitor,Electric IMP with Shinyei Model PPD42NS Dust Sensor calculating particles per 0.01 cubic feet,,2016-07-19T14:00:57.813Z,-73.8284549,42.7972995,,,u'air'| u'imp'| u'pm25'| u'quality',u'air'
4JpbdgYR2LSagM51l6AQ,CHAR 2,Nitrogen consumed in south end of characterization lab.,,2016-07-19T14:00:57.313Z,-111.89104739999999,40.7607793,,,,u'flow'| u'time'
RM49MOpz3QtDLQ0mqWNE,beerBot_logging,temp measurement for beer brewing,,2016-07-19T14:01:10.940Z,-71.05888010000001,42.3600825,,,,u'brewmode'| u'currenttemp'| u'recipename'| u'settemp'
LQLGypLwLJC28roDn29L,Tower Rooms,Room temperatur,,2016-07-19T14:01:08.213Z,-3.9994609999999966,50.77721349999999,,,u'tower',u'at'| u'bd'| u'kt'| u'lg'| u'mb'| u'os'
roYmdNvxyYfM1jjxoA1V,Atomki_radioaktivitas_mero_1,GM cso masodpercenkenti beutes szama.,,2016-07-19T14:05:28.512Z,,,,,,u'beutes_per_sec'| u'time_stamp'
EJGqnJw13wHO3RXAYnxz,4334 Weather,A temp and humidity sensor connected to a thing dev board,,2016-07-19T14:05:22.890Z,-95.15884640000002,30.0522464,,,u'hudbot',u'heatindex'| u'humidity'| u'id'| u'light'| u'temp'| u'time'
0loKJmqvw6u5Omb1nOW1,Water Meter,Electronic water meter reader using a magnetometer sensor,,2016-07-19T14:05:59.467Z,-121.9499568,37.2871651,,,u'water',u'gal_per_min'| u'gallons'| u'sensor_sum'| u'time'
OGKLqDAaVKsWjx2EZKgz,HP_Sensor_AQ_10,temperature; humidity indoors,,2016-07-19T14:05:21.464Z,,,,,u'hp_weather',u'r1'| u'r2'| u'r3'| u'r4'| u'r5'| u'r6'| u'r7'| u'r8'| u'r9'| u't1'| u't2'| u't3'| u't4'| u't5'| u't6'| u't7'| u't8'| u't9'
v0yJoRRXKYcrpLdjzDqZ,ESP8266 DHT22,temp and humidity,,2016-07-19T14:06:03.408Z,-85.95691950000003,37.1367171,,,u'humidity'| u'kentucky'| u'temperature',u'humidity'| u'temperature'
2Jjbr0Qja5FrqLpLwmaK,Amurrio weather | Amurrio eguraldia,Data from DS18B20 temperature sensor and HH10D humidity sensor located at Amurrio. Visualize this data on Google Charts: http://cvzcaoio.appspot.com. My twitter: http://twitter.com/ocasquero,,2016-07-19T14:06:27.746Z,-2.957560699999931,43.0396594,,,u'amurrio'| u'arduino_pro_mini'| u'arduino_yun'| u'ds18b20'| u'eguraldia'| u'hh10d'| u'humidity'| u'temperature'| u'weather'| u'xbee',u'humidity'| u'temp'
aGAMam0mYNfAdNjRQME2,Denton Weather via Particle Photon,DHT22 Sensor connected to Particle Photon,,2016-07-19T14:06:33.318Z,-97.13306829999999,33.2148412,,,,u'humidity'| u'light'| u'station'| u'tempc'| u'tempf'
RM1xmbzxarFlR7b065jV,SunTech Drive,DAQ Board Sensor Readings,,2016-07-19T14:06:27.379Z,-105.27054559999999,40.0149856,,,u'suntechdrive',u'current_dc'| u'flow_rate_gpm'| u'irradiance_w_per_m2'| u'pv_current_amp'| u'pv_power_watts'| u'pv_voltage_volts'| u'voltage_dc'
9J0WQMlvzQt1MDjQ0jV6,AC Line Frequency Monitor,High resolution frequency measurement of AC power line,,2016-07-19T14:06:41.205Z,,,,,,u'frequency'
ZGLNMYQ9JxHQ7v6xN9oD,Diningroom,ESP8266 with DHT22,,2016-07-19T14:05:21.001Z,-75.22156510000002,40.1545535,,,,u'humidity'| u'temp'
2Jn4rgNYQpSY22RgonzZ,Barometer,Collecting temperature and pressure readings from a MPL3115A2,,2016-07-19T14:06:15.608Z,-74.64703179999998,40.8614417,,,u'barometer'| u'mpl3115a2'| u'pressure'| u'temperature'| u'uno',u'barometer'| u'pressure'| u'temperature'
dZgLRmwYKWUM51wAO5n2,Phoenix  AZ USA 60 Hz line frequency monitor,High resolution line frequency measurement,,2016-07-19T14:07:14.637Z,-112.07403729999999,33.4483771,,,,u'frequency'
7JXd1vGN9VIlGlbzq5Ad,pooltemp,pool Temp and current weater around pool,,2016-07-19T14:07:24.872Z,-71.2079809,46.8138783,,,u'weather',u'humidity'| u'outdoorc'| u'poolc'| u'poolf'
MGWZwD9jAyiLdZ0EXDyE,Jimmy,My data,,2016-07-19T14:07:09.195Z,,,,,,u'date'| u'dgas'| u'eat'| u'eav'| u'eoht'| u'eolt'| u'evht'| u'evlt'| u'gas'| u'time'| u'upsince'
9JJDaQyra6UyKxdLN6vz,The Big Freeze,Arduino based TI102 temperature sensor monitor and display. Sensor is waterproofed and  embedded in a freezer.  Degrees in Fahrenheit. See the trend:http://bit.ly/1XxiO6C,,2016-07-19T14:07:18.963Z,-121.89495549999998,37.3393857,,,u'maxtemp'| u'temp',u'LinkMargin'| u'MaxTemp'| u'MinTemp'| u'Temp'
RM49MOpz3QtDLQ0mqWNE,beerBot_logging,temp measurement for beer brewing,,2016-07-19T14:07:33.572Z,-71.05888010000001,42.3600825,,,,u'brewmode'| u'currenttemp'| u'recipename'| u'settemp'
ro9GbDLVKRfpyw259ddg,House DHT monitor,House DHT monitor for Lucason,,2016-07-19T14:06:59.072Z,4.302599999999984,51.00311,,,u'house'| u'temp',u'humidity'| u'ip'| u'room'| u'temp'
dZgzYOGnx0tGEMAAwAJY,WIMP Weather Station,WIMP Weather Station; built by PCS Engineering 2016; Mission Street Extension; Santa Cruz; CA.,,2016-07-19T14:07:30.710Z,-122.03079630000002,36.97411709999999,,,,u'baromin'| u'batt_lvl'| u'dailyrainin'| u'dewptf'| u'humidity'| u'light_lvl'| u'measurementtime'| u'rainin'| u'tempf'| u'winddir'| u'winddir_avg2m'| u'windgustdir'| u'windgustdir_10m'| u'windgustmph'| u'windgustmph_10m'| u'windspdmph_avg2m'| u'windspeedmph'
bGLnN4n5lMcWlEnZ6zpZ,Antigonish Weather,Wimp Weather Station located in Nova Scotia; Canada,,2016-07-19T14:06:59.974Z,-62.066666999999995,45.516667,,,u'antigonish'| u'weather',u'baromin'| u'batt_lvl'| u'dailyrainin'| u'dewptf'| u'humidity'| u'light_lvl'| u'measurementtime'| u'rainin'| u'tempf'| u'winddir'| u'winddir_avg2m'| u'windgustdir'| u'windgustdir_10m'| u'windgustmph'| u'windgustmph_10m'| u'windspdmph_avg2m'| u'windspeedmph'
ZGYmKDKVMxTDxrx6agWa,Weather Dump,Weather information at Cilia.,,2016-07-19T14:07:45.689Z,,,,,u'millwood'| u'ny'| u'sensor'| u'weather',u'baromin'| u'batt_lvl'| u'dailyrainin'| u'dewptf'| u'humidity'| u'light_lvl'| u'measurementTime'| u'rainin'| u'tempf'| u'winddir'| u'winddir_avg2m'| u'windgustdir'| u'windgustdir_10m'| u'windgustmph'| u'windgustmph_10m'| u'windspdmph_avg2m'| u'windspeedmph'
RM49MOpz3QtDLQ0mqWNE,beerBot_logging,temp measurement for beer brewing,,2016-07-19T14:11:40.713Z,-71.05888010000001,42.3600825,,,,u'brewmode'| u'currenttemp'| u'recipename'| u'settemp'
roYmdNvxyYfM1jjxoA1V,Atomki_radioaktivitas_mero_1,GM cso masodpercenkenti beutes szama.,,2016-07-19T14:20:17.764Z,,,,,,u'beutes_per_sec'| u'time_stamp'
yAxao6ynLDSz2056d3zX,ESP8266 monitors,ESP8266 monitors streaming temperature information,,2016-07-19T14:25:11.229Z,-122.29130780000003,37.8271784,,,u'dht11'| u'ds18b20'| u'esp8266'| u'temperature',u'id'| u'millis'| u'temp'
MG40r6AdvgIKNDymOAoL,Ping Rose Time,Time to ping Rose from home.,,2016-07-19T15:01:05.953Z,-87.1250154,39.52365199999999,,,,u'time'
RM49MOpz3QtDLQ0mqWNE,beerBot_logging,temp measurement for beer brewing,,2016-07-19T15:03:59.488Z,-71.05888010000001,42.3600825,,,,u'brewmode'| u'currenttemp'| u'recipename'| u'settemp'
DJR7yANKy3slL4qmJ8q7,Whidbey Weather Station,SparkFun Photon WeatherShield at seaside location on 200'bluff at the Strait of Juan De Fuca.,,2016-07-19T15:07:36.806Z,,,,,u'oceanweather'| u'seasideweather'| u'weather'| u'whidbeyisland',u'barometer'| u'humidity'| u'light'| u'moisture'| u'rainfall'| u'soiltemp'| u'temperature'| u'winddirection'| u'windgust'| u'windgustdir'| u'windspeed'
